OrderID,CustomerID,Region,Category,PaymentMethod,Quantity,UnitPrice,OrderDate,TotalAmount,Month
ORD1395,CUST8,North,Sports,Wallet,6.0,434.73,2025-03-27,2608.38,2025-03
ORD1179,CUST83,West,Sports,Wallet,9.0,244.84,2025-06-29,2203.56,2025-06
ORD1162,CUST61,South,Clothing,Wallet,6.0,48.91,2025-01-01,293.46,2025-01
ORD1101,CUST93,South,Sports,Wallet,2.0,134.04,2025-07-15,268.08,2025-07
ORD1361,CUST12,North,Sports,Upi,7.0,326.9,2025-01-25,2288.3,2025-01
ORD1308,CUST76,West,Home & Kitchen,Cash,9.0,167.88,2025-01-25,1510.92,2025-01
ORD1132,CUST74,North,Electronics,Upi,8.0,200.29,2025-06-05,1602.32,2025-06
ORD1003,CUST131,West,Electronics,Credit Card,6.0,32.92,2025-07-11,197.52,2025-07
ORD1464,CUST79,South,Books,Debit Card,5.0,44.58,2025-01-12,222.9,2025-01
ORD1118,CUST74,North,Home & Kitchen,Debit Card,1.0,55.06,2025-01-07,55.06,2025-01
ORD1065,CUST95,West,Clothing,Cash,3.0,490.26,2025-04-26,1470.78,2025-04
ORD1341,CUST50,West,Electronics,Debit Card,5.0,13.84,2025-06-30,69.2,2025-06
ORD1433,CUST24,South,Books,Credit Card,3.0,303.59,2025-04-12,910.77,2025-04
ORD1313,CUST40,West,Sports,Debit Card,2.0,274.17,2025-08-25,548.34,2025-08
ORD1246,CUST147,West,Sports,Cash,3.0,293.61,2025-07-07,880.83,2025-07
ORD1051,CUST99,South,Sports,Wallet,3.0,364.35,2025-05-11,1093.05,2025-05
ORD1283,CUST45,South,Home & Kitchen,Cash,2.0,443.07,2025-06-20,886.14,2025-06
ORD1385,CUST111,South,Home & Kitchen,Debit Card,6.0,106.89,2025-05-10,641.34,2025-05
ORD1115,CUST42,North,Home & Kitchen,Wallet,5.0,497.99,2025-05-02,2489.95,2025-05
ORD1138,CUST115,South,Home & Kitchen,Credit Card,5.0,308.64,2025-01-10,1543.2,2025-01
ORD1244,CUST142,South,Sports,Credit Card,5.0,448.69,2025-01-07,2243.45,2025-01
ORD1281,CUST116,West,Home & Kitchen,Cash,7.0,230.3,2025-04-13,1612.1,2025-04
ORD1089,CUST29,North,Books,Debit Card,5.0,51.61,2025-04-04,258.05,2025-04
ORD1280,CUST72,West,Sports,Credit Card,2.0,736.0,2025-03-23,1472.0,2025-03
ORD1318,CUST31,South,Electronics,Cash,7.0,7.55,2025-06-09,52.85,2025-06
ORD1435,CUST97,West,Sports,Wallet,4.0,99.97,2025-05-16,399.88,2025-05
ORD1484,CUST105,South,Home & Kitchen,Upi,1.0,331.05,2025-05-09,331.05,2025-05
ORD1323,CUST98,South,Home & Kitchen,Debit Card,8.0,244.84,2025-03-15,1958.72,2025-03
ORD1216,CUST15,West,Sports,Cash,8.0,255.41,2025-04-21,2043.28,2025-04
ORD1445,CUST144,North,Sports,Cash,8.0,398.75,2025-05-24,3190.0,2025-05
ORD1271,CUST35,West,Home & Kitchen,Cash,3.0,43.49,2025-04-18,130.47,2025-04
ORD1023,CUST37,East,Books,Debit Card,3.0,297.69,2025-08-02,893.07,2025-08
ORD1270,CUST61,East,Sports,Credit Card,8.0,220.24,2025-02-08,1761.92,2025-02
ORD1350,CUST54,North,Books,Upi,6.0,109.12,2025-06-10,654.72,2025-06
ORD1188,CUST136,North,Sports,Wallet,3.0,420.1,2025-05-13,1260.3,2025-05
ORD1013,CUST146,North,Sports,Credit Card,2.0,200.6,2025-09-27,401.2,2025-09
ORD1097,CUST124,North,Electronics,Wallet,1.0,231.84,2025-06-28,231.84,2025-06
ORD1154,CUST79,South,Electronics,Debit Card,7.0,264.18,2025-03-22,1849.26,2025-03
ORD1165,CUST26,South,Sports,Wallet,9.0,243.17,2025-08-02,2188.53,2025-08
ORD1032,CUST92,South,Books,Cash,9.0,162.41,2025-08-13,1461.69,2025-08
ORD1220,CUST40,West,Home & Kitchen,Credit Card,9.0,463.16,2025-09-14,4168.44,2025-09
ORD1390,CUST43,South,Books,Upi,2.0,164.95,2025-07-04,329.9,2025-07
ORD1424,CUST125,North,Clothing,Upi,8.0,386.12,2025-02-18,3088.96,2025-02
ORD1344,CUST63,West,Home & Kitchen,Credit Card,6.0,293.08,2025-04-27,1758.48,2025-04
ORD1202,CUST89,East,Clothing,Wallet,2.0,409.22,2025-04-14,818.44,2025-04
ORD1055,CUST93,East,Sports,Wallet,2.0,84.6,2025-07-13,169.2,2025-07
ORD1328,CUST29,East,Home & Kitchen,Cash,4.0,325.55,2025-01-07,1302.2,2025-01
ORD1050,CUST129,North,Books,Debit Card,5.0,450.71,2025-01-09,2253.55,2025-01
ORD1322,CUST113,North,Books,Credit Card,9.0,317.75,2025-08-11,2859.75,2025-08
ORD1025,CUST15,North,Home & Kitchen,Cash,5.0,282.83,2025-09-12,1414.15,2025-09
ORD1380,CUST45,West,Electronics,Debit Card,7.0,229.63,2025-01-10,1607.41,2025-01
ORD1327,CUST22,East,Electronics,Upi,8.0,27.64,2025-09-27,221.12,2025-09
ORD1080,CUST13,North,Sports,Upi,2.0,260.57,2025-06-07,521.14,2025-06
ORD1412,CUST15,North,Electronics,Credit Card,7.0,407.43,2025-01-21,2852.01,2025-01
ORD1382,CUST1,South,Clothing,Wallet,9.0,87.69,2025-05-01,789.21,2025-05
ORD1463,CUST141,South,Home & Kitchen,Debit Card,5.0,65.27,2025-01-25,326.35,2025-01
ORD1447,CUST118,South,Books,Wallet,5.0,369.9,2025-09-05,1849.5,2025-09
ORD1401,CUST13,East,Books,Debit Card,9.0,49.79,2025-06-08,448.11,2025-06
ORD1274,CUST55,South,Sports,Upi,1.0,96.64,2025-03-21,96.64,2025-03
ORD1146,CUST145,West,Clothing,Wallet,5.0,228.02,2025-01-01,1140.1,2025-01
ORD1431,CUST2,East,Home & Kitchen,Upi,3.0,300.54,2025-05-26,901.62,2025-05
ORD1256,CUST70,West,Home & Kitchen,Wallet,2.0,267.18,2025-02-11,534.36,2025-02
ORD1040,CUST2,West,Electronics,Cash,2.0,208.46,2025-08-12,416.92,2025-08
ORD1324,CUST63,North,Sports,Credit Card,5.0,55.74,2025-07-15,278.7,2025-07
ORD1473,CUST63,West,Electronics,Credit Card,5.0,443.87,2025-03-03,2219.35,2025-03
ORD1243,CUST46,North,Books,Upi,4.0,472.48,2025-07-01,1889.92,2025-07
ORD1259,CUST57,North,Clothing,Debit Card,6.0,367.43,2025-04-08,2204.58,2025-04
ORD1082,CUST58,West,Clothing,Debit Card,5.0,129.18,2025-04-27,645.9,2025-04
ORD1248,CUST148,East,Sports,Credit Card,2.0,184.71,2025-04-29,369.42,2025-04
ORD1221,CUST46,West,Home & Kitchen,Debit Card,5.0,492.5,2025-04-20,2462.5,2025-04
ORD1217,CUST104,East,Home & Kitchen,Debit Card,4.0,459.78,2025-05-13,1839.12,2025-05
ORD1113,CUST123,West,Books,Credit Card,5.0,377.43,2025-05-31,1887.15,2025-05
ORD1340,CUST93,East,Clothing,Cash,13.0,81.06,2025-01-27,1053.78,2025-01
ORD1470,CUST80,West,Home & Kitchen,Upi,1.0,257.16,2025-04-13,257.16,2025-04
ORD1232,CUST141,East,Sports,Wallet,7.0,216.26,2025-07-30,1513.82,2025-07
ORD1213,CUST68,East,Sports,Debit Card,2.0,11.04,2025-04-25,22.08,2025-04
ORD1488,CUST69,North,Books,Cash,1.0,224.42,2025-01-08,224.42,2025-01
ORD1187,CUST62,South,Books,Wallet,9.0,360.64,2025-07-22,3245.76,2025-07
ORD1334,CUST22,South,Sports,Upi,3.0,475.68,2025-08-24,1427.04,2025-08
ORD1236,CUST129,East,Electronics,Wallet,8.0,431.58,2025-05-11,3452.64,2025-05
ORD1159,CUST25,South,Sports,Cash,3.0,437.79,2025-06-04,1313.37,2025-06
ORD1359,CUST132,East,Electronics,Cash,6.0,409.56,2025-01-03,2457.36,2025-01
ORD1237,CUST32,South,Clothing,Debit Card,3.0,323.78,2025-03-28,971.34,2025-03
ORD1090,CUST144,North,Books,Credit Card,5.0,239.37,2025-09-11,1196.85,2025-09
ORD1289,CUST62,West,Electronics,Debit Card,5.0,244.84,2025-08-24,1224.2,2025-08
ORD1422,CUST120,South,Sports,Wallet,7.0,320.8,2025-08-02,2245.6,2025-08
ORD1060,CUST27,North,Electronics,Credit Card,2.0,178.29,2025-04-07,356.58,2025-04
ORD1235,CUST113,South,Electronics,Debit Card,2.0,251.02,2025-05-12,502.04,2025-05
ORD1478,CUST13,South,Home & Kitchen,Wallet,5.0,244.84,2025-08-01,1224.2,2025-08
ORD1351,CUST97,South,Electronics,Upi,2.0,269.45,2025-08-21,538.9,2025-08
ORD1443,CUST77,South,Clothing,Upi,9.0,89.39,2025-04-16,804.51,2025-04
ORD1245,CUST74,North,Books,Upi,7.0,369.27,2025-03-26,2584.89,2025-03
ORD1316,CUST13,North,Books,Cash,9.0,465.39,2025-07-10,4188.51,2025-07
ORD1485,CUST130,East,Sports,Cash,13.0,244.84,2025-08-20,3182.92,2025-08
ORD1369,CUST96,West,Electronics,Credit Card,9.0,222.11,2025-04-27,1998.99,2025-04
ORD1120,CUST5,West,Books,Debit Card,5.0,120.45,2025-05-16,602.25,2025-05
ORD1468,CUST56,East,Home & Kitchen,Debit Card,9.0,218.02,2025-04-09,1962.18,2025-04
ORD1376,CUST62,West,Clothing,Upi,6.0,436.02,2025-04-21,2616.12,2025-04
ORD1109,CUST19,East,Electronics,Credit Card,5.0,31.48,2025-08-21,157.4,2025-08
ORD1145,CUST53,South,Clothing,Cash,5.0,379.76,2025-03-24,1898.8,2025-03
ORD1164,CUST34,South,Electronics,Cash,1.0,254.19,2025-03-14,254.19,2025-03
ORD1173,CUST119,East,Books,Credit Card,5.0,95.23,2025-02-08,476.15,2025-02
ORD1388,CUST59,South,Electronics,Credit Card,5.0,56.14,2025-06-28,280.7,2025-06
ORD1030,CUST86,East,Books,Cash,2.0,244.84,2025-03-03,489.68,2025-03
ORD1022,CUST33,South,Sports,Cash,7.0,158.94,2025-08-04,1112.58,2025-08
ORD1278,CUST32,North,Clothing,Cash,7.0,499.68,2025-03-27,3497.76,2025-03
ORD1031,CUST134,West,Home & Kitchen,Debit Card,13.0,446.82,2025-05-08,5808.66,2025-05
ORD1357,CUST92,North,Sports,Credit Card,4.0,244.84,2025-09-08,979.36,2025-09
ORD1020,CUST33,South,Home & Kitchen,Credit Card,5.0,463.52,2025-02-10,2317.6,2025-02
ORD1486,CUST21,East,Books,Credit Card,7.0,331.38,2025-08-02,2319.66,2025-08
ORD1052,CUST148,South,Home & Kitchen,Wallet,8.0,205.23,2025-06-10,1641.84,2025-06
ORD1170,CUST14,West,Clothing,Upi,8.0,70.89,2025-01-03,567.12,2025-01
ORD1273,CUST44,South,Sports,Credit Card,1.0,72.73,2025-02-26,72.73,2025-02
ORD1228,CUST29,West,Electronics,Credit Card,6.0,113.95,2025-02-18,683.7,2025-02
ORD1362,CUST45,East,Books,Cash,3.0,113.51,2025-02-24,340.53,2025-02
ORD1370,CUST98,South,Books,Debit Card,4.0,437.34,2025-09-19,1749.36,2025-09
ORD1056,CUST54,West,Electronics,Debit Card,3.0,327.72,2025-06-18,983.16,2025-06
ORD1459,CUST15,South,Home & Kitchen,Debit Card,2.0,322.28,2025-01-25,644.56,2025-01
ORD1002,CUST75,North,Books,Credit Card,8.0,170.19,2025-06-01,1361.52,2025-06
ORD1496,CUST104,East,Electronics,Upi,9.0,488.12,2025-02-18,4393.08,2025-02
ORD1058,CUST145,North,Books,Wallet,1.0,273.56,2025-01-22,273.56,2025-01
ORD1381,CUST118,North,Electronics,Upi,9.0,218.29,2025-09-21,1964.61,2025-09
ORD1253,CUST40,North,Books,Cash,2.0,318.57,2025-07-20,637.14,2025-07
ORD1191,CUST90,North,Home & Kitchen,Cash,6.0,292.71,2025-05-19,1756.26,2025-05
ORD1450,CUST32,West,Electronics,Upi,1.0,306.2,2025-02-07,306.2,2025-02
ORD1469,CUST149,South,Electronics,Cash,5.0,244.84,2025-09-20,1224.2,2025-09
ORD1242,CUST35,South,Home & Kitchen,Credit Card,8.0,362.52,2025-04-30,2900.16,2025-04
ORD1074,CUST86,South,Electronics,Cash,3.0,235.47,2025-03-04,706.41,2025-03
ORD1449,CUST84,North,Sports,Credit Card,6.0,132.24,2025-08-19,793.44,2025-08
ORD1439,CUST50,East,Books,Cash,3.0,268.81,2025-02-27,806.43,2025-02
ORD1489,CUST77,East,Home & Kitchen,Wallet,5.0,46.97,2025-02-12,234.85,2025-02
ORD1261,CUST145,South,Electronics,Cash,5.0,194.65,2025-05-02,973.25,2025-05
ORD1026,CUST142,South,Electronics,Debit Card,7.0,25.01,2025-07-26,175.07,2025-07
ORD1204,CUST63,North,Books,Credit Card,1.0,119.95,2025-08-13,119.95,2025-08
ORD1293,CUST143,East,Sports,Cash,1.0,198.86,2025-05-20,198.86,2025-05
ORD1368,CUST108,North,Electronics,Upi,4.0,254.9,2025-02-19,1019.6,2025-02
ORD1481,CUST117,East,Electronics,Cash,4.0,433.01,2025-04-22,1732.04,2025-04
ORD1352,CUST77,South,Sports,Debit Card,4.0,182.11,2025-04-13,728.44,2025-04
ORD1108,CUST84,South,Books,Cash,9.0,163.42,2025-07-06,1470.78,2025-07
ORD1014,CUST95,East,Books,Upi,8.0,287.37,2025-09-09,2298.96,2025-09
ORD1147,CUST51,East,Sports,Wallet,4.0,118.18,2025-02-03,472.72,2025-02
ORD1114,CUST144,North,Electronics,Debit Card,9.0,61.16,2025-06-30,550.44,2025-06
ORD1407,CUST143,South,Sports,Upi,5.0,193.31,2025-04-03,966.55,2025-04
ORD1155,CUST133,East,Clothing,Debit Card,4.0,232.38,2025-03-10,929.52,2025-03
ORD1059,CUST38,South,Books,Debit Card,6.0,199.58,2025-09-21,1197.48,2025-09
ORD1193,CUST10,East,Home & Kitchen,Cash,5.0,36.37,2025-06-21,181.85,2025-06
ORD1098,CUST101,South,Books,Upi,5.0,411.11,2025-06-17,2055.55,2025-06
ORD1490,CUST129,South,Home & Kitchen,Credit Card,3.0,40.27,2025-06-01,120.81,2025-06
ORD1041,CUST129,South,Books,Credit Card,3.0,341.95,2025-02-22,1025.85,2025-02
ORD1389,CUST12,South,Electronics,Upi,4.0,493.38,2025-08-04,1973.52,2025-08
ORD1227,CUST25,South,Sports,Cash,7.0,86.93,2025-06-10,608.51,2025-06
ORD1240,CUST72,East,Clothing,Upi,6.0,172.94,2025-08-17,1037.64,2025-08
ORD1079,CUST15,North,Clothing,Cash,7.0,73.48,2025-05-24,514.36,2025-05
ORD1028,CUST52,West,Sports,Debit Card,4.0,454.25,2025-08-19,1817.0,2025-08
ORD1446,CUST30,South,Clothing,Cash,7.0,202.66,2025-04-14,1418.62,2025-04
ORD1321,CUST39,West,Home & Kitchen,Cash,2.0,147.08,2025-02-15,294.16,2025-02
ORD1239,CUST65,East,Electronics,Debit Card,9.0,114.88,2025-09-12,1033.92,2025-09
ORD1268,CUST148,South,Electronics,Credit Card,3.0,299.56,2025-07-20,898.68,2025-07
ORD1212,CUST15,West,Electronics,Cash,8.0,79.21,2025-02-16,633.68,2025-02
ORD1347,CUST32,East,Clothing,Debit Card,9.0,430.76,2025-04-12,3876.84,2025-04
ORD1057,CUST68,South,Electronics,Upi,1.0,249.48,2025-05-15,249.48,2025-05
ORD1168,CUST47,South,Sports,Cash,8.0,244.84,2025-01-28,1958.72,2025-01
ORD1062,CUST4,East,Electronics,Wallet,3.0,385.43,2025-01-17,1156.29,2025-01
ORD1403,CUST102,East,Sports,Wallet,3.0,404.88,2025-03-23,1214.64,2025-03
ORD1111,CUST128,North,Home & Kitchen,Debit Card,4.0,288.85,2025-05-24,1155.4,2025-05
ORD1084,CUST58,North,Home & Kitchen,Credit Card,1.0,223.96,2025-04-06,223.96,2025-04
ORD1410,CUST3,East,Home & Kitchen,Upi,5.0,432.35,2025-04-27,2161.75,2025-04
ORD1377,CUST14,North,Home & Kitchen,Wallet,8.0,291.81,2025-03-25,2334.48,2025-03
ORD1384,CUST49,South,Books,Debit Card,1.0,736.0,2025-06-05,736.0,2025-06
ORD1453,CUST75,West,Electronics,Upi,3.0,201.51,2025-06-03,604.53,2025-06
ORD1129,CUST147,West,Home & Kitchen,Upi,4.0,736.0,2025-02-16,2944.0,2025-02
ORD1258,CUST122,South,Clothing,Cash,7.0,57.76,2025-01-27,404.32,2025-01
ORD1096,CUST84,North,Sports,Wallet,8.0,340.2,2025-06-12,2721.6,2025-06
ORD1441,CUST2,South,Books,Credit Card,6.0,281.1,2025-04-26,1686.6,2025-04
ORD1177,CUST109,East,Books,Cash,2.0,48.03,2025-04-21,96.06,2025-04
ORD1442,CUST8,North,Clothing,Upi,6.0,244.84,2025-02-05,1469.04,2025-02
ORD1499,CUST15,South,Clothing,Debit Card,4.0,149.95,2025-09-15,599.8,2025-09
ORD1141,CUST146,North,Home & Kitchen,Wallet,1.0,191.49,2025-03-04,191.49,2025-03
ORD1482,CUST82,South,Electronics,Debit Card,8.0,406.29,2025-08-09,3250.32,2025-08
ORD1291,CUST3,West,Electronics,Debit Card,8.0,147.18,2025-05-26,1177.44,2025-05
ORD1387,CUST119,South,Books,Upi,3.0,228.84,2025-09-02,686.52,2025-09
ORD1494,CUST5,West,Home & Kitchen,Debit Card,6.0,244.84,2025-05-18,1469.04,2025-05
ORD1358,CUST127,South,Clothing,Cash,7.0,332.11,2025-07-27,2324.77,2025-07
ORD1336,CUST6,West,Home & Kitchen,Wallet,3.0,244.84,2025-09-14,734.52,2025-09
ORD1267,CUST56,South,Clothing,Upi,1.0,138.61,2025-08-27,138.61,2025-08
ORD1264,CUST149,East,Home & Kitchen,Cash,8.0,221.41,2025-06-13,1771.28,2025-06
ORD1081,CUST147,West,Home & Kitchen,Cash,1.0,202.42,2025-04-02,202.42,2025-04
ORD1326,CUST15,East,Electronics,Credit Card,6.0,355.74,2025-07-12,2134.44,2025-07
ORD1476,CUST149,West,Sports,Wallet,6.0,396.22,2025-05-29,2377.32,2025-05
ORD1218,CUST120,North,Home & Kitchen,Cash,5.0,355.08,2025-04-16,1775.4,2025-04
ORD1452,CUST66,West,Home & Kitchen,Credit Card,9.0,48.38,2025-09-06,435.42,2025-09
ORD1284,CUST108,West,Home & Kitchen,Cash,7.0,161.07,2025-01-04,1127.49,2025-01
ORD1305,CUST73,East,Electronics,Upi,4.0,292.14,2025-04-08,1168.56,2025-04
ORD1456,CUST49,North,Clothing,Cash,6.0,409.64,2025-06-07,2457.84,2025-06
ORD1053,CUST116,West,Clothing,Wallet,1.0,85.01,2025-04-14,85.01,2025-04
ORD1171,CUST111,West,Electronics,Upi,7.0,258.28,2025-08-27,1807.96,2025-08
ORD1200,CUST14,West,Electronics,Wallet,3.0,86.31,2025-01-05,258.93,2025-01
ORD1294,CUST37,North,Electronics,Cash,5.0,49.26,2025-07-17,246.3,2025-07
ORD1139,CUST56,West,Electronics,Wallet,2.0,278.04,2025-01-05,556.08,2025-01
ORD1404,CUST141,East,Sports,Wallet,9.0,162.01,2025-05-09,1458.09,2025-05
ORD1296,CUST62,North,Books,Cash,2.0,244.84,2025-02-21,489.68,2025-02
ORD1066,CUST67,West,Clothing,Credit Card,2.0,280.62,2025-08-11,561.24,2025-08
ORD1436,CUST97,West,Sports,Upi,6.0,180.72,2025-07-15,1084.32,2025-07
ORD1277,CUST12,South,Home & Kitchen,Wallet,9.0,472.31,2025-02-16,4250.79,2025-02
ORD1306,CUST11,East,Books,Wallet,5.0,198.63,2025-05-03,993.15,2025-05
ORD1222,CUST57,West,Clothing,Upi,1.0,435.6,2025-02-24,435.6,2025-02
ORD1479,CUST82,West,Books,Debit Card,13.0,479.99,2025-06-13,6239.87,2025-06
ORD1099,CUST74,South,Home & Kitchen,Credit Card,2.0,24.29,2025-08-30,48.58,2025-08
ORD1295,CUST39,South,Clothing,Upi,8.0,442.68,2025-01-11,3541.44,2025-01
ORD1148,CUST92,North,Home & Kitchen,Upi,8.0,15.98,2025-09-07,127.84,2025-09
ORD1015,CUST40,South,Electronics,Credit Card,5.0,197.4,2025-02-22,987.0,2025-02
ORD1163,CUST133,West,Electronics,Wallet,9.0,181.22,2025-02-15,1630.98,2025-02
ORD1301,CUST47,West,Clothing,Cash,7.0,442.47,2025-04-09,3097.29,2025-04
ORD1046,CUST148,West,Electronics,Credit Card,7.0,91.31,2025-05-08,639.17,2025-05
ORD1086,CUST117,South,Electronics,Wallet,1.0,477.66,2025-07-11,477.66,2025-07
ORD1037,CUST113,North,Electronics,Wallet,1.0,130.69,2025-09-25,130.69,2025-09
ORD1440,CUST3,East,Electronics,Debit Card,6.0,736.0,2025-08-03,4416.0,2025-08
ORD1386,CUST37,North,Home & Kitchen,Debit Card,4.0,30.59,2025-01-01,122.36,2025-01
ORD1418,CUST90,East,Electronics,Wallet,9.0,263.63,2025-09-20,2372.67,2025-09
ORD1206,CUST134,West,Clothing,Credit Card,3.0,315.72,2025-02-11,947.16,2025-02
ORD1408,CUST49,West,Sports,Cash,1.0,224.99,2025-04-12,224.99,2025-04
ORD1364,CUST32,West,Electronics,Wallet,3.0,85.03,2025-07-30,255.09,2025-07
ORD1172,CUST18,South,Home & Kitchen,Upi,6.0,268.65,2025-01-15,1611.9,2025-01
ORD1073,CUST115,South,Home & Kitchen,Cash,7.0,18.67,2025-08-03,130.69,2025-08
ORD1292,CUST37,East,Books,Debit Card,9.0,142.25,2025-03-14,1280.25,2025-03
ORD1104,CUST138,North,Clothing,Upi,5.0,376.55,2025-07-11,1882.75,2025-07
ORD1249,CUST140,North,Sports,Cash,4.0,313.95,2025-09-13,1255.8,2025-09
ORD1421,CUST84,East,Electronics,Upi,4.0,48.08,2025-06-21,192.32,2025-06
ORD1016,CUST24,South,Home & Kitchen,Credit Card,9.0,144.06,2025-02-10,1296.54,2025-02
ORD1363,CUST15,East,Electronics,Debit Card,8.0,436.56,2025-07-02,3492.48,2025-07
ORD1091,CUST101,West,Books,Wallet,7.0,28.79,2025-09-03,201.53,2025-09
ORD1088,CUST144,North,Clothing,Cash,3.0,380.13,2025-07-04,1140.39,2025-07
ORD1497,CUST36,South,Clothing,Debit Card,4.0,388.44,2025-06-18,1553.76,2025-06
ORD1140,CUST119,South,Home & Kitchen,Cash,8.0,191.35,2025-03-06,1530.8,2025-03
ORD1194,CUST130,East,Sports,Upi,8.0,405.89,2025-04-11,3247.12,2025-04
ORD1205,CUST53,East,Books,Cash,8.0,118.37,2025-02-08,946.96,2025-02
ORD1102,CUST58,East,Books,Wallet,5.0,177.43,2025-03-16,887.15,2025-03
ORD1238,CUST55,West,Home & Kitchen,Wallet,2.0,434.16,2025-01-08,868.32,2025-01
ORD1420,CUST56,South,Electronics,Upi,1.0,285.82,2025-02-05,285.82,2025-02
ORD1174,CUST17,South,Clothing,Debit Card,7.0,49.16,2025-05-06,344.12,2025-05
ORD1378,CUST130,East,Electronics,Cash,7.0,85.94,2025-01-28,601.58,2025-01
ORD1157,CUST126,South,Sports,Wallet,3.0,270.95,2025-05-31,812.85,2025-05
ORD1333,CUST116,West,Books,Debit Card,2.0,244.84,2025-03-25,489.68,2025-03
ORD1070,CUST39,West,Home & Kitchen,Credit Card,7.0,212.79,2025-01-13,1489.53,2025-01
ORD1133,CUST117,South,Books,Upi,8.0,88.99,2025-06-13,711.92,2025-06
ORD1211,CUST47,East,Electronics,Cash,4.0,231.22,2025-07-03,924.88,2025-07
ORD1319,CUST107,East,Home & Kitchen,Wallet,5.0,373.04,2025-03-23,1865.2,2025-03
ORD1103,CUST120,North,Books,Upi,4.0,211.88,2025-09-06,847.52,2025-09
ORD1394,CUST124,West,Home & Kitchen,Wallet,7.0,85.38,2025-05-09,597.66,2025-05
ORD1018,CUST88,East,Sports,Upi,1.0,103.36,2025-03-04,103.36,2025-03
ORD1150,CUST54,East,Sports,Cash,5.0,244.84,2025-09-08,1224.2,2025-09
ORD1354,CUST119,East,Books,Wallet,1.0,476.02,2025-05-03,476.02,2025-05
ORD1367,CUST24,West,Electronics,Debit Card,4.0,316.24,2025-08-08,1264.96,2025-08
ORD1263,CUST51,East,Electronics,Debit Card,5.0,303.56,2025-01-29,1517.8,2025-01
ORD1302,CUST20,South,Sports,Debit Card,1.0,91.08,2025-06-27,91.08,2025-06
ORD1034,CUST116,South,Clothing,Cash,9.0,155.87,2025-07-17,1402.83,2025-07
ORD1181,CUST121,West,Electronics,Upi,1.0,8.73,2025-07-17,8.73,2025-07
ORD1184,CUST31,East,Sports,Cash,8.0,350.0,2025-08-11,2800.0,2025-08
ORD1207,CUST15,South,Electronics,Upi,1.0,269.06,2025-08-19,269.06,2025-08
ORD1094,CUST69,West,Clothing,Upi,4.0,309.85,2025-09-04,1239.4,2025-09
ORD1392,CUST15,North,Clothing,Cash,4.0,67.24,2025-05-06,268.96,2025-05
ORD1346,CUST15,East,Clothing,Wallet,5.0,40.86,2025-04-05,204.3,2025-04
ORD1122,CUST15,West,Electronics,Debit Card,9.0,297.98,2025-03-11,2681.82,2025-03
ORD1353,CUST103,South,Clothing,Wallet,2.0,411.61,2025-04-16,823.22,2025-04
ORD1078,CUST5,West,Clothing,Cash,7.0,47.25,2025-02-16,330.75,2025-02
ORD1061,CUST28,South,Electronics,Credit Card,1.0,101.65,2025-05-27,101.65,2025-05
ORD1495,CUST38,North,Sports,Wallet,1.0,151.25,2025-09-13,151.25,2025-09
ORD1125,CUST141,West,Electronics,Cash,2.0,236.99,2025-02-27,473.98,2025-02
ORD1454,CUST55,South,Books,Cash,6.0,460.1,2025-05-23,2760.6,2025-05
ORD1330,CUST58,West,Books,Debit Card,7.0,225.72,2025-08-14,1580.04,2025-08
ORD1465,CUST32,North,Clothing,Cash,4.0,222.56,2025-06-09,890.24,2025-06
ORD1466,CUST93,West,Books,Wallet,2.0,326.85,2025-01-05,653.7,2025-01
ORD1438,CUST27,East,Sports,Cash,5.0,139.22,2025-07-19,696.1,2025-07
ORD1024,CUST35,East,Electronics,Debit Card,1.0,194.55,2025-05-11,194.55,2025-05
ORD1342,CUST24,West,Books,Upi,3.0,96.8,2025-01-15,290.4,2025-01
ORD1371,CUST39,West,Sports,Upi,5.0,298.21,2025-09-03,1491.05,2025-09
ORD1126,CUST148,South,Clothing,Cash,8.0,63.18,2025-01-01,505.44,2025-01
ORD1480,CUST139,North,Sports,Cash,5.0,422.96,2025-07-02,2114.8,2025-07
ORD1300,CUST120,East,Sports,Cash,6.0,401.38,2025-02-23,2408.28,2025-02
ORD1178,CUST34,West,Electronics,Debit Card,8.0,295.34,2025-08-24,2362.72,2025-08
ORD1461,CUST14,South,Home & Kitchen,Cash,1.0,305.1,2025-08-26,305.1,2025-08
ORD1406,CUST143,South,Sports,Cash,1.0,186.4,2025-07-18,186.4,2025-07
ORD1223,CUST115,East,Home & Kitchen,Upi,8.0,305.91,2025-05-17,2447.28,2025-05
ORD1477,CUST138,North,Sports,Wallet,7.0,72.87,2025-03-06,510.09,2025-03
ORD1093,CUST138,East,Clothing,Upi,3.0,254.05,2025-09-14,762.15,2025-09
ORD1069,CUST130,North,Electronics,Credit Card,1.0,425.09,2025-09-03,425.09,2025-09
ORD1036,CUST59,West,Books,Upi,6.0,113.29,2025-08-21,679.74,2025-08
ORD1160,CUST93,West,Clothing,Debit Card,2.0,302.96,2025-02-20,605.92,2025-02
ORD1011,CUST35,North,Home & Kitchen,Upi,1.0,133.1,2025-01-02,133.1,2025-01
ORD1144,CUST95,West,Home & Kitchen,Wallet,5.0,498.34,2025-01-23,2491.7,2025-01
ORD1375,CUST78,East,Clothing,Cash,2.0,94.58,2025-02-10,189.16,2025-02
ORD1127,CUST131,East,Home & Kitchen,Debit Card,9.0,190.56,2025-04-27,1715.04,2025-04
ORD1303,CUST82,South,Electronics,Upi,1.0,81.18,2025-06-09,81.18,2025-06
ORD1009,CUST60,South,Clothing,Upi,2.0,195.78,2025-02-22,391.56,2025-02
ORD1397,CUST114,East,Sports,Credit Card,2.0,310.83,2025-05-16,621.66,2025-05
ORD1176,CUST25,North,Sports,Cash,4.0,180.78,2025-08-21,723.12,2025-08
ORD1231,CUST104,East,Sports,Wallet,1.0,153.3,2025-08-12,153.3,2025-08
ORD1210,CUST74,East,Electronics,Wallet,1.0,55.94,2025-06-08,55.94,2025-06
ORD1128,CUST134,South,Electronics,Debit Card,5.0,26.48,2025-08-01,132.4,2025-08
ORD1143,CUST105,East,Sports,Upi,3.0,71.26,2025-01-06,213.78,2025-01
ORD1241,CUST67,South,Home & Kitchen,Credit Card,3.0,328.11,2025-09-21,984.33,2025-09
ORD1007,CUST64,East,Electronics,Debit Card,9.0,27.99,2025-05-15,251.91,2025-05
ORD1298,CUST54,West,Electronics,Debit Card,5.0,416.17,2025-04-17,2080.85,2025-04
ORD1310,CUST72,South,Clothing,Wallet,13.0,29.15,2025-02-06,378.95,2025-02
ORD1254,CUST22,South,Books,Cash,4.0,70.48,2025-01-29,281.92,2025-01
ORD1426,CUST19,North,Clothing,Debit Card,4.0,214.75,2025-07-21,859.0,2025-07
ORD1457,CUST134,West,Books,Credit Card,3.0,396.07,2025-01-14,1188.21,2025-01
ORD1008,CUST21,West,Home & Kitchen,Upi,9.0,37.2,2025-03-30,334.8,2025-03
ORD1156,CUST34,South,Electronics,Credit Card,6.0,248.85,2025-07-24,1493.1,2025-07
ORD1027,CUST15,East,Clothing,Cash,3.0,20.56,2025-08-19,61.68,2025-08
ORD1266,CUST55,South,Sports,Credit Card,8.0,468.73,2025-03-10,3749.84,2025-03
ORD1314,CUST33,West,Electronics,Debit Card,6.0,263.02,2025-06-17,1578.12,2025-06
ORD1064,CUST37,South,Books,Debit Card,8.0,168.72,2025-06-30,1349.76,2025-06
ORD1255,CUST109,West,Sports,Upi,2.0,139.79,2025-03-16,279.58,2025-03
ORD1087,CUST69,North,Clothing,Credit Card,5.0,366.37,2025-03-17,1831.85,2025-03
ORD1153,CUST38,East,Books,Wallet,2.0,297.01,2025-09-06,594.02,2025-09
ORD1048,CUST42,North,Clothing,Wallet,3.0,118.13,2025-05-24,354.39,2025-05
ORD1208,CUST38,North,Books,Credit Card,9.0,159.3,2025-09-11,1433.7,2025-09
ORD1287,CUST34,North,Sports,Wallet,7.0,96.81,2025-04-06,677.67,2025-04
ORD1001,CUST72,South,Clothing,Debit Card,5.0,82.23,2025-08-03,411.15,2025-08
ORD1269,CUST73,South,Home & Kitchen,Wallet,9.0,179.01,2025-05-09,1611.09,2025-05
ORD1265,CUST113,North,Clothing,Upi,7.0,307.15,2025-04-08,2150.05,2025-04
ORD1355,CUST134,East,Clothing,Upi,9.0,468.43,2025-08-11,4215.87,2025-08
ORD1095,CUST2,West,Home & Kitchen,Credit Card,5.0,434.26,2025-06-09,2171.3,2025-06
ORD1492,CUST58,West,Clothing,Wallet,4.0,178.1,2025-07-30,712.4,2025-07
ORD1042,CUST68,East,Books,Wallet,7.0,382.0,2025-05-03,2674.0,2025-05
ORD1337,CUST58,South,Electronics,Cash,6.0,118.83,2025-06-12,712.98,2025-06
ORD1116,CUST133,South,Sports,Debit Card,3.0,444.41,2025-08-23,1333.23,2025-08
ORD1045,CUST70,North,Books,Upi,3.0,297.49,2025-05-27,892.47,2025-05
ORD1161,CUST147,North,Electronics,Cash,5.0,88.62,2025-04-02,443.1,2025-04
ORD1409,CUST11,North,Home & Kitchen,Cash,3.0,88.38,2025-09-22,265.14,2025-09
ORD1117,CUST75,North,Home & Kitchen,Upi,2.0,484.48,2025-01-09,968.96,2025-01
ORD1288,CUST123,North,Books,Cash,7.0,9.7,2025-01-29,67.9,2025-01
ORD1077,CUST8,South,Sports,Cash,5.0,139.41,2025-04-18,697.05,2025-04
ORD1416,CUST15,East,Sports,Credit Card,3.0,736.0,2025-04-16,2208.0,2025-04
ORD1063,CUST46,South,Home & Kitchen,Cash,5.0,442.33,2025-08-21,2211.65,2025-08
ORD1338,CUST64,East,Books,Upi,1.0,327.58,2025-01-12,327.58,2025-01
ORD1417,CUST146,East,Books,Upi,2.0,139.95,2025-05-12,279.9,2025-05
ORD1413,CUST107,West,Electronics,Upi,7.0,448.87,2025-04-27,3142.09,2025-04
ORD1230,CUST118,South,Home & Kitchen,Wallet,6.0,47.25,2025-07-08,283.5,2025-07
ORD1297,CUST4,North,Clothing,Cash,8.0,244.84,2025-03-04,1958.72,2025-03
ORD1186,CUST4,West,Clothing,Cash,6.0,487.66,2025-04-04,2925.96,2025-04
ORD1360,CUST127,North,Home & Kitchen,Wallet,9.0,86.18,2025-01-14,775.62,2025-01
ORD1199,CUST64,South,Clothing,Debit Card,8.0,414.83,2025-08-17,3318.64,2025-08
ORD1365,CUST37,East,Books,Debit Card,8.0,487.52,2025-05-11,3900.16,2025-05
ORD1121,CUST109,South,Clothing,Debit Card,1.0,440.78,2025-05-25,440.78,2025-05
ORD1498,CUST122,East,Sports,Debit Card,7.0,25.77,2025-09-23,180.39,2025-09
ORD1460,CUST25,North,Books,Credit Card,6.0,160.3,2025-04-05,961.8,2025-04
ORD1307,CUST29,West,Clothing,Cash,9.0,26.97,2025-08-14,242.73,2025-08
ORD1491,CUST15,South,Home & Kitchen,Upi,5.0,256.75,2025-08-20,1283.75,2025-08
ORD1158,CUST80,North,Sports,Cash,6.0,350.35,2025-07-03,2102.1,2025-07
ORD1085,CUST15,North,Books,Cash,6.0,358.72,2025-08-25,2152.32,2025-08
ORD1225,CUST25,South,Electronics,Debit Card,6.0,736.0,2025-07-29,4416.0,2025-07
ORD1262,CUST46,West,Books,Cash,2.0,87.31,2025-07-12,174.62,2025-07
ORD1331,CUST29,South,Clothing,Credit Card,4.0,215.96,2025-02-08,863.84,2025-02
ORD1427,CUST89,West,Electronics,Debit Card,2.0,384.49,2025-08-30,768.98,2025-08
ORD1076,CUST70,North,Electronics,Debit Card,6.0,270.86,2025-04-11,1625.16,2025-04
ORD1414,CUST15,South,Books,Credit Card,9.0,329.07,2025-02-20,2961.63,2025-02
ORD1112,CUST117,East,Clothing,Cash,5.0,150.14,2025-01-25,750.7,2025-01
ORD1182,CUST70,East,Sports,Cash,7.0,246.47,2025-04-05,1725.29,2025-04
ORD1105,CUST99,North,Electronics,Wallet,4.0,189.15,2025-04-06,756.6,2025-04
ORD1425,CUST91,East,Home & Kitchen,Upi,5.0,154.52,2025-06-01,772.6,2025-06
ORD1049,CUST90,South,Electronics,Cash,9.0,260.73,2025-01-02,2346.57,2025-01
ORD1405,CUST88,West,Electronics,Credit Card,6.0,326.29,2025-08-01,1957.74,2025-08
ORD1005,CUST89,North,Books,Debit Card,1.0,264.76,2025-06-19,264.76,2025-06
ORD1017,CUST15,South,Electronics,Cash,1.0,12.74,2025-01-09,12.74,2025-01
ORD1234,CUST19,East,Home & Kitchen,Cash,2.0,150.55,2025-06-24,301.1,2025-06
ORD1429,CUST119,South,Sports,Cash,5.0,52.38,2025-05-23,261.9,2025-05
ORD1372,CUST125,West,Books,Debit Card,3.0,313.37,2025-02-09,940.11,2025-02
ORD1423,CUST137,North,Books,Upi,9.0,325.07,2025-05-01,2925.63,2025-05
ORD1106,CUST37,South,Home & Kitchen,Upi,1.0,341.52,2025-08-05,341.52,2025-08
ORD1134,CUST90,North,Electronics,Wallet,8.0,179.91,2025-06-27,1439.28,2025-06
ORD1430,CUST11,West,Home & Kitchen,Debit Card,9.0,198.5,2025-09-11,1786.5,2025-09
ORD1226,CUST91,West,Sports,Wallet,1.0,295.6,2025-09-08,295.6,2025-09
ORD1214,CUST36,West,Clothing,Wallet,5.0,414.27,2025-09-11,2071.35,2025-09
ORD1190,CUST20,South,Sports,Debit Card,1.0,244.84,2025-01-01,244.84,2025-01
ORD1471,CUST40,North,Home & Kitchen,Wallet,5.0,244.84,2025-08-09,1224.2,2025-08
ORD1320,CUST100,West,Electronics,Upi,2.0,416.91,2025-01-12,833.82,2025-01
ORD1282,CUST17,East,Home & Kitchen,Credit Card,8.0,118.85,2025-07-07,950.8,2025-07
ORD1029,CUST143,East,Clothing,Debit Card,4.0,471.71,2025-07-06,1886.84,2025-07
ORD1169,CUST78,East,Clothing,Upi,8.0,361.66,2025-06-03,2893.28,2025-06
ORD1180,CUST26,North,Books,Cash,2.0,125.95,2025-08-17,251.9,2025-08
ORD1100,CUST35,South,Home & Kitchen,Cash,7.0,40.24,2025-09-21,281.68,2025-09
ORD1197,CUST78,North,Electronics,Credit Card,5.0,366.78,2025-05-17,1833.9,2025-05
ORD1209,CUST86,South,Books,Cash,2.0,382.42,2025-05-03,764.84,2025-05
ORD1135,CUST28,West,Home & Kitchen,Upi,5.0,487.33,2025-07-11,2436.65,2025-07
ORD1458,CUST73,West,Home & Kitchen,Upi,5.0,16.33,2025-05-10,81.65,2025-05
ORD1198,CUST76,South,Clothing,Credit Card,3.0,37.92,2025-03-01,113.76,2025-03
ORD1373,CUST21,West,Electronics,Cash,5.0,70.13,2025-01-08,350.65,2025-01
ORD1166,CUST56,East,Sports,Wallet,1.0,142.05,2025-09-14,142.05,2025-09
ORD1451,CUST142,West,Books,Cash,4.0,155.05,2025-04-24,620.2,2025-04
ORD1136,CUST145,West,Books,Wallet,9.0,158.22,2025-07-31,1423.98,2025-07
ORD1285,CUST93,North,Sports,Cash,6.0,162.78,2025-07-29,976.68,2025-07
ORD1335,CUST92,West,Home & Kitchen,Credit Card,5.0,455.21,2025-03-25,2276.05,2025-03
ORD1396,CUST34,South,Books,Credit Card,1.0,419.87,2025-08-06,419.87,2025-08
ORD1131,CUST144,West,Books,Upi,7.0,27.5,2025-01-12,192.5,2025-01
ORD1039,CUST113,East,Sports,Debit Card,8.0,23.26,2025-04-23,186.08,2025-04
ORD1215,CUST74,East,Books,Wallet,8.0,293.78,2025-07-19,2350.24,2025-07
ORD1043,CUST145,South,Clothing,Upi,6.0,187.05,2025-04-08,1122.3,2025-04
ORD1054,CUST84,South,Home & Kitchen,Cash,3.0,189.28,2025-04-09,567.84,2025-04
ORD1299,CUST57,West,Home & Kitchen,Wallet,9.0,97.29,2025-09-16,875.61,2025-09
ORD1487,CUST79,East,Electronics,Upi,1.0,37.99,2025-06-22,37.99,2025-06
ORD1304,CUST13,West,Home & Kitchen,Wallet,13.0,375.2,2025-03-30,4877.6,2025-03
ORD1035,CUST137,North,Sports,Cash,5.0,347.76,2025-08-22,1738.8,2025-08
ORD1315,CUST15,East,Electronics,Cash,1.0,82.88,2025-06-18,82.88,2025-06
ORD1399,CUST147,West,Electronics,Cash,5.0,335.15,2025-03-31,1675.75,2025-03
ORD1309,CUST5,West,Sports,Upi,2.0,207.18,2025-02-07,414.36,2025-02
ORD1276,CUST15,South,Books,Wallet,6.0,490.39,2025-03-30,2942.34,2025-03
ORD1124,CUST15,East,Clothing,Credit Card,3.0,60.04,2025-06-22,180.12,2025-06
ORD1142,CUST86,East,Electronics,Upi,1.0,244.84,2025-04-08,244.84,2025-04
ORD1110,CUST147,West,Home & Kitchen,Cash,9.0,163.06,2025-07-25,1467.54,2025-07
ORD1332,CUST15,West,Books,Debit Card,7.0,413.83,2025-03-16,2896.81,2025-03
ORD1393,CUST45,North,Electronics,Cash,4.0,353.82,2025-08-22,1415.28,2025-08
ORD1467,CUST10,West,Books,Wallet,9.0,33.79,2025-09-24,304.11,2025-09
ORD1107,CUST99,South,Home & Kitchen,Debit Card,9.0,191.98,2025-03-03,1727.82,2025-03
ORD1474,CUST7,East,Home & Kitchen,Credit Card,6.0,414.63,2025-08-17,2487.78,2025-08
ORD1012,CUST134,East,Electronics,Cash,6.0,275.62,2025-07-10,1653.72,2025-07
ORD1272,CUST102,East,Books,Wallet,2.0,56.03,2025-04-11,112.06,2025-04
ORD1047,CUST39,East,Home & Kitchen,Cash,13.0,419.67,2025-09-24,5455.71,2025-09
ORD1203,CUST14,North,Clothing,Upi,3.0,313.93,2025-01-23,941.79,2025-01
ORD1455,CUST86,East,Electronics,Cash,5.0,198.57,2025-01-12,992.85,2025-01
ORD1119,CUST141,South,Electronics,Upi,8.0,41.02,2025-05-02,328.16,2025-05
ORD1021,CUST28,South,Books,Debit Card,7.0,425.77,2025-09-25,2980.39,2025-09
ORD1402,CUST68,North,Clothing,Upi,2.0,205.05,2025-05-12,410.1,2025-05
ORD1434,CUST42,North,Home & Kitchen,Cash,7.0,387.45,2025-02-05,2712.15,2025-02
ORD1083,CUST62,East,Clothing,Credit Card,5.0,217.02,2025-05-09,1085.1,2025-05
ORD1130,CUST49,North,Home & Kitchen,Upi,1.0,315.64,2025-09-16,315.64,2025-09
ORD1475,CUST86,North,Books,Wallet,5.0,10.46,2025-03-03,52.3,2025-03
ORD1383,CUST107,South,Electronics,Wallet,5.0,181.58,2025-07-23,907.9,2025-07
ORD1329,CUST29,South,Clothing,Wallet,1.0,165.19,2025-03-20,165.19,2025-03
ORD1229,CUST81,East,Clothing,Cash,4.0,232.2,2025-05-28,928.8,2025-05
ORD1286,CUST16,East,Home & Kitchen,Upi,2.0,17.08,2025-06-19,34.16,2025-06
ORD1123,CUST19,East,Sports,Debit Card,6.0,354.02,2025-07-21,2124.12,2025-07
ORD1033,CUST129,North,Electronics,Credit Card,9.0,325.61,2025-05-01,2930.49,2025-05
ORD1004,CUST15,North,Clothing,Debit Card,1.0,155.6,2025-01-22,155.6,2025-01
ORD1411,CUST12,South,Sports,Credit Card,5.0,202.42,2025-08-16,1012.1,2025-08
ORD1019,CUST139,South,Home & Kitchen,Upi,3.0,354.89,2025-06-12,1064.67,2025-06
ORD1219,CUST92,South,Sports,Wallet,9.0,214.94,2025-01-29,1934.46,2025-01
ORD1379,CUST66,South,Clothing,Credit Card,3.0,330.08,2025-06-13,990.24,2025-06
ORD1067,CUST54,North,Sports,Upi,13.0,287.18,2025-04-24,3733.34,2025-04
ORD1419,CUST95,South,Clothing,Cash,7.0,264.96,2025-03-12,1854.72,2025-03
ORD1356,CUST41,South,Home & Kitchen,Upi,2.0,467.92,2025-06-27,935.84,2025-06
ORD1149,CUST118,South,Sports,Wallet,3.0,262.48,2025-09-25,787.44,2025-09
ORD1224,CUST57,East,Books,Credit Card,5.0,303.84,2025-03-04,1519.2,2025-03
ORD1247,CUST82,East,Clothing,Credit Card,5.0,455.76,2025-07-16,2278.8,2025-07
ORD1472,CUST52,North,Home & Kitchen,Cash,5.0,265.89,2025-08-19,1329.45,2025-08
ORD1151,CUST57,West,Clothing,Wallet,1.0,71.34,2025-07-26,71.34,2025-07
ORD1317,CUST7,North,Clothing,Cash,5.0,441.03,2025-09-06,2205.15,2025-09
ORD1493,CUST135,North,Home & Kitchen,Wallet,3.0,96.67,2025-09-18,290.01,2025-09
ORD1233,CUST62,East,Home & Kitchen,Cash,1.0,23.09,2025-05-24,23.09,2025-05
ORD1010,CUST130,North,Electronics,Cash,4.0,124.31,2025-09-21,497.24,2025-09
ORD1279,CUST135,West,Home & Kitchen,Debit Card,5.0,366.86,2025-06-25,1834.3,2025-06
ORD1071,CUST60,South,Clothing,Debit Card,7.0,253.25,2025-06-22,1772.75,2025-06
ORD1252,CUST114,East,Electronics,Debit Card,3.0,258.67,2025-01-09,776.01,2025-01
ORD1092,CUST69,East,Home & Kitchen,Debit Card,4.0,27.43,2025-08-11,109.72,2025-08
ORD1349,CUST145,North,Home & Kitchen,Cash,9.0,287.6,2025-03-21,2588.4,2025-03
ORD1415,CUST15,East,Electronics,Cash,4.0,467.55,2025-02-21,1870.2,2025-02
ORD1374,CUST100,West,Home & Kitchen,Credit Card,7.0,318.11,2025-01-14,2226.77,2025-01
ORD1400,CUST63,West,Electronics,Credit Card,9.0,433.89,2025-03-30,3905.01,2025-03
ORD1192,CUST100,East,Clothing,Cash,3.0,30.65,2025-06-27,91.95,2025-06
ORD1257,CUST100,North,Books,Credit Card,9.0,140.66,2025-01-17,1265.94,2025-01
ORD1339,CUST18,West,Home & Kitchen,Cash,8.0,83.83,2025-05-25,670.64,2025-05
ORD1072,CUST20,West,Clothing,Cash,1.0,40.12,2025-05-22,40.12,2025-05
ORD1195,CUST73,North,Sports,Credit Card,1.0,62.76,2025-02-07,62.76,2025-02
ORD1483,CUST42,West,Sports,Wallet,5.0,478.33,2025-04-23,2391.65,2025-04
ORD1343,CUST17,East,Home & Kitchen,Credit Card,4.0,218.0,2025-06-15,872.0,2025-06
ORD1137,CUST141,North,Sports,Wallet,3.0,412.16,2025-03-23,1236.48,2025-03
ORD1260,CUST12,South,Books,Credit Card,9.0,249.67,2025-06-22,2247.03,2025-06
ORD1038,CUST39,East,Home & Kitchen,Credit Card,2.0,357.57,2025-04-11,715.14,2025-04
ORD1462,CUST125,South,Clothing,Credit Card,4.0,253.77,2025-01-25,1015.08,2025-01
ORD1201,CUST83,South,Sports,Upi,4.0,161.52,2025-02-11,646.08,2025-02
ORD1290,CUST121,East,Books,Cash,9.0,171.5,2025-03-06,1543.5,2025-03
ORD1448,CUST108,East,Electronics,Cash,1.0,421.81,2025-05-29,421.81,2025-05
ORD1189,CUST70,North,Electronics,Cash,6.0,356.92,2025-07-31,2141.52,2025-07
ORD1251,CUST120,South,Clothing,Wallet,7.0,400.93,2025-07-28,2806.51,2025-07
ORD1437,CUST13,South,Books,Credit Card,1.0,416.77,2025-01-05,416.77,2025-01
ORD1183,CUST15,South,Sports,Debit Card,9.0,44.72,2025-08-31,402.48,2025-08
ORD1152,CUST85,West,Clothing,Credit Card,2.0,403.5,2025-04-13,807.0,2025-04
ORD1312,CUST40,North,Home & Kitchen,Cash,3.0,413.22,2025-02-25,1239.66,2025-02
ORD1325,CUST148,North,Sports,Debit Card,4.0,38.58,2025-08-07,154.32,2025-08
ORD1044,CUST139,South,Books,Wallet,1.0,79.61,2025-07-06,79.61,2025-07
ORD1444,CUST121,East,Home & Kitchen,Credit Card,7.0,379.3,2025-05-25,2655.1,2025-05
ORD1275,CUST83,East,Electronics,Credit Card,8.0,321.28,2025-03-22,2570.24,2025-03
ORD1006,CUST15,West,Clothing,Cash,3.0,194.32,2025-09-01,582.96,2025-09
ORD1250,CUST137,South,Books,Credit Card,2.0,431.23,2025-03-22,862.46,2025-03
ORD1311,CUST60,South,Clothing,Cash,5.0,495.78,2025-04-24,2478.9,2025-04
ORD1075,CUST125,North,Electronics,Wallet,6.0,297.46,2025-06-29,1784.76,2025-06
ORD1000,CUST103,North,Electronics,Upi,4.0,475.6,2025-04-17,1902.4,2025-04
ORD1428,CUST69,North,Electronics,Wallet,1.0,244.84,2025-08-14,244.84,2025-08
ORD1391,CUST39,North,Clothing,Upi,8.0,260.22,2025-06-27,2081.76,2025-06
ORD1432,CUST67,North,Electronics,Debit Card,6.0,225.67,2025-08-29,1354.02,2025-08
ORD1068,CUST32,West,Sports,Cash,6.0,182.53,2025-05-07,1095.18,2025-05
ORD1167,CUST8,West,Books,Cash,1.0,300.65,2025-06-29,300.65,2025-06
ORD1366,CUST35,South,Sports,Upi,6.0,20.17,2025-08-01,121.02,2025-08
ORD1345,CUST130,North,Books,Cash,8.0,219.46,2025-03-05,1755.68,2025-03
ORD1398,CUST47,North,Sports,Cash,8.0,385.42,2025-01-01,3083.36,2025-01
ORD1185,CUST6,North,Sports,Upi,2.0,290.12,2025-03-16,580.24,2025-03
ORD1348,CUST15,East,Clothing,Credit Card,5.0,375.84,2025-02-10,1879.2,2025-02
ORD1196,CUST94,North,Home & Kitchen,Debit Card,1.0,426.11,2025-08-24,426.11,2025-08
ORD1175,CUST44,West,Clothing,Debit Card,9.0,445.81,2025-07-31,4012.29,2025-07
