OrderID,CustomerID,Region,Category,PaymentMethod,Quantity,UnitPrice,OrderDate
ORD1395,CUST8,North,sports,Wallet,6.0,434.73,2025-03-27
ORD1179,CUST83,west,Sports,Wallet,9.0,,06-29-2025
ORD1162,CUST61, South , Clothing,Wallet,6.0,48.91,2025-01-01
ORD1101,CUST93,south,SPORTS,Wallet,2.0,134.04,15/07/2025
ORD1361,CUST12,North,SPORTS,UPI,7.0,326.9,01-25-2025
ORD1308,CUST76, West ,Home & Kitchen,,9.0,167.88,25-Jan-2025
ORD1132,CUST74,North,ELECTRONICS,UPI,8.0,200.29,05-Jun-2025
ORD1003,CUST131,WEST,ELECTRONICS,Credit Card,6.0,32.92,11-Jul-2025
ORD1464,CUST79, South , Books,Debit Card,,44.58,2025-01-12
ORD1118,CUST74, North ,HOME & KITCHEN,Debit Card,1.0,55.06,07/01/2025
ORD1065,CUST95,WEST, Clothing,Cash,3.0,490.26,26/04/2025
ORD1341,CUST50,WEST,Electronics,Debit Card,,13.84,30/06/2025
ORD1433,CUST24,South,Books,Credit Card,3.0,303.59,12/04/2025
ORD1313,CUST40, West ,SPORTS,Debit Card,2.0,274.17,25-Aug-2025
ORD1246,CUST147,west,sports,Cash,3.0,293.61,2025-07-07
ORD1051,CUST99, South ,sports,Wallet,3.0,364.35,2025-05-11
ORD1283,CUST45, South ,Home & Kitchen,Cash,2.0,443.07,20-Jun-2025
ORD1385,CUST111,south,Home & Kitchen,Debit Card,6.0,106.89,05-10-2025
ORD1115,CUST42,NORTH,home & kitchen,Wallet,,497.99,02/05/2025
ORD1138,CUST115,SOUTH,home & kitchen,Credit Card,5.0,308.64,10/01/2025
ORD1244,CUST142,south,SPORTS,Credit Card,,448.69,01-07-2025
ORD1281,CUST116,west, Home & Kitchen,Cash,7.0,230.3,2025-04-13
ORD1089,CUST29,North,Books,Debit Card,5.0,51.61,04-Apr-2025
ORD1280,CUST72, West ,Sports,Credit Card,2.0,15000.0,2025-03-23
ORD1318,CUST31,South,electronics,Cash,7.0,7.55,2025-06-09
ORD1435,CUST97,west,sports,Wallet,4.0,99.97,05-16-2025
ORD1484,CUST105, South ,home & kitchen,UPI,1.0,331.05,09/05/2025
ORD1323,CUST98, South ,home & kitchen,Debit Card,8.0,,15-Mar-2025
ORD1216,,WEST,SPORTS,Cash,8.0,255.41,21-Apr-2025
ORD1445,CUST144,North,Sports,Cash,8.0,398.75,2025-05-24
ORD1271,CUST35,west, Home & Kitchen,Cash,3.0,43.49,2025-04-18
ORD1023,CUST37,east,Books,Debit Card,3.0,297.69,02-Aug-2025
ORD1270,CUST61,east,SPORTS,Credit Card,8.0,220.24,2025-02-08
ORD1350,CUST54,north,BOOKS,UPI,6.0,109.12,2025-06-10
ORD1188,CUST136,NORTH, Sports,Wallet,3.0,420.1,13/05/2025
ORD1013,CUST146,North,Sports,Credit Card,2.0,200.6,2025-09-27
ORD1097,CUST124, North ,ELECTRONICS,Wallet,1.0,231.84,2025-06-28
ORD1154,CUST79,,ELECTRONICS,Debit Card,7.0,264.18,22-Mar-2025
ORD1165,CUST26,South,sports,Wallet,9.0,243.17,02/08/2025
ORD1032,CUST92,south, Books,Cash,9.0,162.41,08-13-2025
ORD1220,CUST40,West,Home & Kitchen,Credit Card,9.0,463.16,09-14-2025
ORD1390,CUST43,South,Books,UPI,2.0,164.95,04/07/2025
ORD1424,CUST125,North, Clothing,UPI,8.0,386.12,02-18-2025
ORD1344,CUST63,West,home & kitchen,Credit Card,6.0,293.08,04-27-2025
ORD1202,CUST89,EAST,Clothing,Wallet,2.0,409.22,04-14-2025
ORD1055,CUST93,East, Sports,Wallet,2.0,84.6,2025-07-13
ORD1328,CUST29,East,HOME & KITCHEN,Cash,4.0,325.55,2025-01-07
ORD1050,CUST129,North, Books,Debit Card,5.0,450.71,01-09-2025
ORD1322,CUST113,north,books,Credit Card,9.0,317.75,11-Aug-2025
ORD1025,,North,HOME & KITCHEN,Cash,5.0,282.83,12-Sep-2025
ORD1380,CUST45,West, Electronics,Debit Card,7.0,229.63,2025-01-10
ORD1327,CUST22, East ,Electronics,UPI,8.0,27.64,2025-09-27
ORD1080,CUST13,north,sports,UPI,2.0,260.57,07/06/2025
ORD1412,CUST15, North ,ELECTRONICS,Credit Card,7.0,407.43,01-21-2025
ORD1382,CUST1,SOUTH, Clothing,Wallet,9.0,87.69,2025-05-01
ORD1463,CUST141,south,Home & Kitchen,Debit Card,5.0,65.27,25-Jan-2025
ORD1447,CUST118,South,Books,Wallet,5.0,369.9,2025-09-05
ORD1401,CUST13,East,books,Debit Card,9.0,49.79,06-08-2025
ORD1274,CUST55,,sports,UPI,1.0,96.64,03-21-2025
ORD1146,CUST145, West ,clothing,Wallet,5.0,228.02,01-Jan-2025
ORD1431,CUST2,East,home & kitchen,UPI,3.0,300.54,05-26-2025
ORD1256,CUST70,WEST, Home & Kitchen,Wallet,2.0,267.18,2025-02-11
ORD1040,CUST2, West , Electronics,,2.0,208.46,12-Aug-2025
ORD1324,CUST63,north, Sports,Credit Card,5.0,55.74,07-15-2025
ORD1473,CUST63,West,Electronics,Credit Card,5.0,443.87,03-03-2025
ORD1243,CUST46, North ,books,UPI,4.0,472.48,2025-07-01
ORD1259,CUST57,North,Clothing,Debit Card,6.0,367.43,08-Apr-2025
ORD1082,CUST58,WEST, Clothing,Debit Card,,129.18,04-27-2025
ORD1248,CUST148,east,Sports,Credit Card,2.0,184.71,04-29-2025
ORD1221,CUST46,WEST,home & kitchen,Debit Card,5.0,492.5,20/04/2025
ORD1217,CUST104,EAST,Home & Kitchen,Debit Card,4.0,459.78,05-13-2025
ORD1113,CUST123, West ,BOOKS,Credit Card,5.0,377.43,31-May-2025
ORD1340,CUST93,EAST,Clothing,Cash,500.0,81.06,2025-01-27
ORD1470,CUST80,west,Home & Kitchen,UPI,1.0,257.16,13-Apr-2025
ORD1232,CUST141,East,Sports,Wallet,7.0,216.26,30-Jul-2025
ORD1213,CUST68, East , Sports,Debit Card,2.0,11.04,25/04/2025
ORD1488,CUST69, North ,books,Cash,1.0,224.42,08/01/2025
ORD1187,CUST62,SOUTH, Books,Wallet,9.0,360.64,22/07/2025
ORD1334,CUST22,South, Sports,UPI,3.0,475.68,2025-08-24
ORD1236,CUST129, East ,electronics,Wallet,8.0,431.58,11/05/2025
ORD1159,CUST25,south,sports,Cash,3.0,437.79,04-Jun-2025
ORD1359,CUST132,EAST,electronics,Cash,6.0,409.56,03-Jan-2025
ORD1237,CUST32, South ,Clothing,Debit Card,3.0,323.78,03-28-2025
ORD1179,CUST83,west,Sports,Wallet,9.0,,06-29-2025
ORD1090,CUST144,North,books,Credit Card,5.0,239.37,11-Sep-2025
ORD1289,CUST62,west,electronics,Debit Card,5.0,,24/08/2025
ORD1422,CUST120, South , Sports,Wallet,7.0,320.8,02-Aug-2025
ORD1060,CUST27,NORTH,electronics,Credit Card,2.0,178.29,04-07-2025
ORD1235,CUST113,SOUTH,electronics,Debit Card,2.0,251.02,12/05/2025
ORD1478,CUST13,South, Home & Kitchen,Wallet,5.0,,08-01-2025
ORD1351,CUST97,South,electronics,UPI,2.0,269.45,08-21-2025
ORD1443,CUST77,South,Clothing,UPI,9.0,89.39,16/04/2025
ORD1245,CUST74,NORTH,Books,UPI,7.0,369.27,26/03/2025
ORD1316,CUST13,NORTH,BOOKS,Cash,9.0,465.39,10-Jul-2025
ORD1485,CUST130,EAST,sports,Cash,300.0,,2025-08-20
ORD1369,CUST96, West ,Electronics,Credit Card,9.0,222.11,04-27-2025
ORD1120,CUST5,WEST, Books,Debit Card,5.0,120.45,05-16-2025
ORD1468,CUST56, East , Home & Kitchen,Debit Card,9.0,218.02,2025-04-09
ORD1376,CUST62,west,CLOTHING,UPI,6.0,436.02,2025-04-21
ORD1109,CUST19,East,electronics,Credit Card,,31.48,21/08/2025
ORD1145,CUST53,south,CLOTHING,Cash,5.0,379.76,24-Mar-2025
ORD1164,CUST34,SOUTH, Electronics,,1.0,254.19,2025-03-14
ORD1173,CUST119, East ,BOOKS,Credit Card,5.0,95.23,2025-02-08
ORD1388,CUST59,SOUTH, Electronics,Credit Card,5.0,56.14,28/06/2025
ORD1030,CUST86,East,BOOKS,Cash,2.0,,03-Mar-2025
ORD1022,CUST33,South,sports,Cash,7.0,158.94,04/08/2025
ORD1278,CUST32,NORTH,Clothing,Cash,7.0,499.68,27/03/2025
ORD1031,CUST134,west,HOME & KITCHEN,Debit Card,300.0,446.82,2025-05-08
ORD1357,CUST92,North, Sports,Credit Card,4.0,,08-Sep-2025
ORD1020,CUST33,south,home & kitchen,Credit Card,5.0,463.52,02-10-2025
ORD1486,CUST21, East ,BOOKS,Credit Card,7.0,331.38,02/08/2025
ORD1052,CUST148,SOUTH,home & kitchen,Wallet,8.0,205.23,2025-06-10
ORD1170,CUST14, West ,clothing,UPI,8.0,70.89,03/01/2025
ORD1273,CUST44,, Sports,Credit Card,1.0,72.73,02-26-2025
ORD1228,CUST29,west,ELECTRONICS,Credit Card,6.0,113.95,2025-02-18
ORD1362,CUST45,East,books,,3.0,113.51,24/02/2025
ORD1370,CUST98,South, Books,Debit Card,4.0,437.34,09-19-2025
ORD1056,CUST54, West ,ELECTRONICS,Debit Card,3.0,327.72,18/06/2025
ORD1459,, South ,Home & Kitchen,Debit Card,2.0,322.28,2025-01-25
ORD1002,CUST75,NORTH,BOOKS,Credit Card,8.0,170.19,01-Jun-2025
ORD1496,CUST104,east,electronics,UPI,9.0,488.12,18-Feb-2025
ORD1058,CUST145,North,BOOKS,Wallet,1.0,273.56,22/01/2025
ORD1381,CUST118, North ,Electronics,UPI,9.0,218.29,09-21-2025
ORD1253,CUST40, North ,Books,Cash,2.0,318.57,2025-07-20
ORD1191,CUST90,north,home & kitchen,Cash,6.0,292.71,19/05/2025
ORD1450,CUST32,west, Electronics,UPI,1.0,306.2,2025-02-07
ORD1469,CUST149,,electronics,Cash,,,2025-09-20
ORD1242,CUST35,south,home & kitchen,Credit Card,8.0,362.52,04-30-2025
ORD1074,CUST86,South, Electronics,Cash,3.0,235.47,2025-03-04
ORD1449,CUST84,NORTH, Sports,Credit Card,6.0,132.24,08-19-2025
ORD1439,CUST50,EAST,Books,Cash,3.0,268.81,27/02/2025
ORD1489,CUST77,East,Home & Kitchen,Wallet,,46.97,12-Feb-2025
ORD1080,CUST13,north,sports,UPI,2.0,260.57,07/06/2025
ORD1261,CUST145,South,Electronics,Cash,5.0,194.65,2025-05-02
ORD1026,CUST142,,Electronics,Debit Card,7.0,25.01,26-Jul-2025
ORD1204,CUST63,North,Books,Credit Card,1.0,119.95,13-Aug-2025
ORD1293,CUST143,EAST,SPORTS,,1.0,198.86,2025-05-20
ORD1368,CUST108,NORTH,electronics,UPI,4.0,254.9,19-Feb-2025
ORD1481,CUST117,east,Electronics,,4.0,433.01,22/04/2025
ORD1352,CUST77,,sports,Debit Card,4.0,182.11,13-Apr-2025
ORD1108,CUST84,,BOOKS,Cash,9.0,163.42,06-Jul-2025
ORD1014,CUST95, East ,books,UPI,8.0,287.37,09-Sep-2025
ORD1147,CUST51, East , Sports,Wallet,4.0,118.18,2025-02-03
ORD1114,CUST144, North ,Electronics,Debit Card,9.0,61.16,30/06/2025
ORD1407,CUST143,South,SPORTS,UPI,5.0,193.31,03/04/2025
ORD1155,CUST133,East, Clothing,Debit Card,4.0,232.38,2025-03-10
ORD1059,CUST38,,books,Debit Card,6.0,199.58,21/09/2025
ORD1193,CUST10,east,Home & Kitchen,Cash,5.0,36.37,21-Jun-2025
ORD1098,CUST101,South,Books,UPI,,411.11,17/06/2025
ORD1490,CUST129,south, Home & Kitchen,Credit Card,3.0,40.27,01-Jun-2025
ORD1490,CUST129,south, Home & Kitchen,Credit Card,3.0,40.27,01-Jun-2025
ORD1041,CUST129,SOUTH,books,Credit Card,3.0,341.95,22/02/2025
ORD1389,CUST12,South,Electronics,UPI,4.0,493.38,08-04-2025
ORD1227,CUST25,South, Sports,Cash,7.0,86.93,10-Jun-2025
ORD1240,CUST72, East , Clothing,UPI,6.0,172.94,2025-08-17
ORD1079,,north, Clothing,Cash,7.0,73.48,2025-05-24
ORD1028,CUST52, West ,sports,Debit Card,4.0,454.25,08-19-2025
ORD1446,CUST30,south, Clothing,Cash,7.0,202.66,04-14-2025
ORD1321,CUST39,West,home & kitchen,Cash,2.0,147.08,15/02/2025
ORD1239,CUST65, East , Electronics,Debit Card,9.0,114.88,09-12-2025
ORD1268,CUST148,South,electronics,Credit Card,3.0,299.56,20/07/2025
ORD1212,CUST15,West,electronics,Cash,8.0,79.21,16-Feb-2025
ORD1347,CUST32, East ,Clothing,Debit Card,9.0,430.76,12/04/2025
ORD1057,CUST68,south,Electronics,UPI,1.0,249.48,15/05/2025
ORD1168,CUST47,south,Sports,Cash,8.0,244.84,28-Jan-2025
ORD1062,CUST4,east, Electronics,Wallet,3.0,385.43,17-Jan-2025
ORD1403,CUST102,EAST, Sports,Wallet,3.0,404.88,23/03/2025
ORD1111,CUST128,NORTH,HOME & KITCHEN,Debit Card,4.0,288.85,24-May-2025
ORD1084,CUST58,north, Home & Kitchen,Credit Card,1.0,223.96,06-Apr-2025
ORD1410,CUST3,east, Home & Kitchen,UPI,5.0,432.35,27-Apr-2025
ORD1377,CUST14, North ,Home & Kitchen,Wallet,8.0,291.81,03-25-2025
ORD1384,CUST49,SOUTH, Books,Debit Card,1.0,9999.0,05-Jun-2025
ORD1453,CUST75,West,electronics,UPI,3.0,201.51,03-Jun-2025
ORD1129,CUST147,west, Home & Kitchen,UPI,4.0,9999.0,16-Feb-2025
ORD1258,CUST122, South ,Clothing,,7.0,57.76,27/01/2025
ORD1096,CUST84,north,sports,Wallet,8.0,340.2,06-12-2025
ORD1441,CUST2,,BOOKS,Credit Card,6.0,281.1,26-Apr-2025
ORD1177,CUST109,East,books,Cash,2.0,48.03,04-21-2025
ORD1442,CUST8, North ,clothing,UPI,6.0,,2025-02-05
ORD1499,,SOUTH,Clothing,Debit Card,4.0,149.95,09-15-2025
ORD1141,CUST146,North,Home & Kitchen,Wallet,1.0,191.49,03-04-2025
ORD1482,CUST82, South , Electronics,Debit Card,8.0,406.29,2025-08-09
ORD1291,CUST3,west,electronics,Debit Card,8.0,147.18,2025-05-26
ORD1387,CUST119, South ,books,UPI,3.0,228.84,02-Sep-2025
ORD1494,CUST5,west,home & kitchen,Debit Card,6.0,,05-18-2025
ORD1358,CUST127,,CLOTHING,Cash,7.0,332.11,2025-07-27
ORD1336,CUST6, West ,HOME & KITCHEN,Wallet,3.0,,09-14-2025
ORD1267,CUST56,South,CLOTHING,UPI,1.0,138.61,2025-08-27
ORD1264,CUST149,east, Home & Kitchen,Cash,8.0,221.41,13-Jun-2025
ORD1081,CUST147,West,Home & Kitchen,Cash,1.0,202.42,04-02-2025
ORD1484,CUST105, South ,home & kitchen,UPI,1.0,331.05,09/05/2025
ORD1326,, East , Electronics,Credit Card,6.0,355.74,12-Jul-2025
ORD1476,CUST149, West ,Sports,Wallet,6.0,396.22,29-May-2025
ORD1218,CUST120,north,Home & Kitchen,Cash,5.0,355.08,04-16-2025
ORD1452,CUST66, West ,Home & Kitchen,Credit Card,9.0,48.38,06/09/2025
ORD1284,CUST108,west,Home & Kitchen,Cash,7.0,161.07,01-04-2025
ORD1305,CUST73,EAST, Electronics,UPI,4.0,292.14,04-08-2025
ORD1456,CUST49,north,clothing,Cash,6.0,409.64,07/06/2025
ORD1053,CUST116,West,Clothing,Wallet,1.0,85.01,2025-04-14
ORD1171,CUST111,WEST,electronics,UPI,7.0,258.28,27/08/2025
ORD1200,CUST14, West ,ELECTRONICS,Wallet,3.0,86.31,2025-01-05
ORD1294,CUST37,north,ELECTRONICS,,5.0,49.26,17-Jul-2025
ORD1139,CUST56, West ,Electronics,Wallet,2.0,278.04,01-05-2025
ORD1404,CUST141,EAST, Sports,Wallet,9.0,162.01,09/05/2025
ORD1296,CUST62,north,BOOKS,Cash,2.0,,21-Feb-2025
ORD1066,CUST67, West ,Clothing,Credit Card,2.0,280.62,11/08/2025
ORD1436,CUST97,WEST, Sports,UPI,6.0,180.72,15-Jul-2025
ORD1277,CUST12,,home & kitchen,Wallet,9.0,472.31,16-Feb-2025
ORD1306,CUST11,East,BOOKS,Wallet,,198.63,03/05/2025
ORD1222,CUST57, West , Clothing,UPI,1.0,435.6,24-Feb-2025
ORD1479,CUST82,West,Books,Debit Card,250.0,479.99,13-Jun-2025
ORD1099,CUST74,SOUTH, Home & Kitchen,Credit Card,2.0,24.29,08-30-2025
ORD1295,CUST39,south,CLOTHING,UPI,8.0,442.68,01-11-2025
ORD1148,CUST92,NORTH,HOME & KITCHEN,UPI,8.0,15.98,2025-09-07
ORD1015,CUST40,south, Electronics,Credit Card,5.0,197.4,02-22-2025
ORD1163,CUST133, West ,electronics,Wallet,9.0,181.22,15-Feb-2025
ORD1301,CUST47,WEST,clothing,Cash,7.0,442.47,2025-04-09
ORD1046,CUST148,West, Electronics,Credit Card,7.0,91.31,08-May-2025
ORD1086,CUST117,SOUTH,electronics,Wallet,1.0,477.66,07-11-2025
ORD1037,CUST113, North ,Electronics,Wallet,1.0,130.69,09-25-2025
ORD1440,CUST3,East,electronics,Debit Card,6.0,20000.0,2025-08-03
ORD1386,CUST37, North ,Home & Kitchen,Debit Card,4.0,30.59,2025-01-01
ORD1418,CUST90, East ,Electronics,Wallet,9.0,263.63,20/09/2025
ORD1206,CUST134, West ,clothing,Credit Card,3.0,315.72,02-11-2025
ORD1408,CUST49,West, Sports,Cash,1.0,224.99,04-12-2025
ORD1364,CUST32,west,Electronics,Wallet,3.0,85.03,2025-07-30
ORD1172,CUST18,SOUTH,HOME & KITCHEN,UPI,6.0,268.65,15/01/2025
ORD1073,CUST115,South, Home & Kitchen,Cash,7.0,18.67,03-Aug-2025
ORD1292,CUST37, East ,BOOKS,Debit Card,9.0,142.25,14/03/2025
ORD1104,CUST138,NORTH,clothing,UPI,,376.55,11/07/2025
ORD1249,CUST140,North,sports,Cash,4.0,313.95,13/09/2025
ORD1421,CUST84, East ,ELECTRONICS,UPI,4.0,48.08,2025-06-21
ORD1016,CUST24,South, Home & Kitchen,Credit Card,9.0,144.06,10-Feb-2025
ORD1363,,east,electronics,Debit Card,8.0,436.56,2025-07-02
ORD1091,CUST101,WEST,Books,Wallet,7.0,28.79,2025-09-03
ORD1088,CUST144,north,clothing,Cash,3.0,380.13,07-04-2025
ORD1497,CUST36,, Clothing,Debit Card,4.0,388.44,06-18-2025
ORD1140,CUST119, South , Home & Kitchen,Cash,8.0,191.35,2025-03-06
ORD1194,CUST130,East, Sports,UPI,8.0,405.89,11/04/2025
ORD1205,CUST53, East ,Books,Cash,8.0,118.37,08-Feb-2025
ORD1102,CUST58,East,BOOKS,Wallet,5.0,177.43,03-16-2025
ORD1238,CUST55,WEST,home & kitchen,Wallet,2.0,434.16,08/01/2025
ORD1420,CUST56,SOUTH,ELECTRONICS,UPI,1.0,285.82,05-Feb-2025
ORD1174,CUST17,,CLOTHING,Debit Card,7.0,49.16,05-06-2025
ORD1170,CUST14, West ,clothing,UPI,8.0,70.89,03/01/2025
ORD1378,CUST130, East ,electronics,Cash,7.0,85.94,28-Jan-2025
ORD1157,CUST126,South,Sports,Wallet,3.0,270.95,05-31-2025
ORD1333,CUST116,west,books,Debit Card,2.0,,2025-03-25
ORD1070,CUST39, West , Home & Kitchen,Credit Card,7.0,212.79,13/01/2025
ORD1133,CUST117,SOUTH,Books,UPI,8.0,88.99,13-Jun-2025
ORD1211,CUST47, East ,electronics,Cash,4.0,231.22,2025-07-03
ORD1319,CUST107,East,HOME & KITCHEN,Wallet,5.0,373.04,03-23-2025
ORD1103,CUST120,north,books,UPI,4.0,211.88,2025-09-06
ORD1394,CUST124,WEST, Home & Kitchen,Wallet,7.0,85.38,09/05/2025
ORD1018,CUST88,East,SPORTS,UPI,1.0,103.36,2025-03-04
ORD1150,CUST54, East ,Sports,Cash,5.0,,09-08-2025
ORD1354,CUST119,East, Books,Wallet,1.0,476.02,2025-05-03
ORD1367,CUST24,WEST,electronics,Debit Card,4.0,316.24,08/08/2025
ORD1263,CUST51,EAST,electronics,Debit Card,5.0,303.56,2025-01-29
ORD1302,CUST20, South ,SPORTS,Debit Card,1.0,91.08,27/06/2025
ORD1436,CUST97,WEST, Sports,UPI,6.0,180.72,15-Jul-2025
ORD1034,CUST116, South , Clothing,Cash,9.0,155.87,2025-07-17
ORD1181,CUST121, West ,electronics,UPI,1.0,8.73,2025-07-17
ORD1184,CUST31, East ,sports,,8.0,350.0,2025-08-11
ORD1207,CUST15,South, Electronics,UPI,1.0,269.06,2025-08-19
ORD1094,CUST69,WEST,Clothing,UPI,4.0,309.85,04-Sep-2025
ORD1392,,NORTH,Clothing,Cash,4.0,67.24,2025-05-06
ORD1346,,east,Clothing,Wallet,5.0,40.86,05/04/2025
ORD1122,,west,Electronics,Debit Card,9.0,297.98,2025-03-11
ORD1353,CUST103,South,Clothing,Wallet,2.0,411.61,16/04/2025
ORD1078,CUST5, West ,Clothing,Cash,7.0,47.25,2025-02-16
ORD1061,CUST28, South ,Electronics,Credit Card,1.0,101.65,27-May-2025
ORD1495,CUST38,NORTH, Sports,Wallet,1.0,151.25,13/09/2025
ORD1125,CUST141, West ,electronics,Cash,2.0,236.99,27-Feb-2025
ORD1454,CUST55,South,Books,Cash,6.0,460.1,23-May-2025
ORD1330,CUST58, West ,Books,Debit Card,7.0,225.72,2025-08-14
ORD1424,CUST125,North, Clothing,UPI,8.0,386.12,02-18-2025
ORD1465,CUST32, North ,Clothing,Cash,4.0,222.56,2025-06-09
ORD1466,CUST93,west,books,Wallet,2.0,326.85,05/01/2025
ORD1438,CUST27,east, Sports,,5.0,139.22,19/07/2025
ORD1024,CUST35, East ,electronics,Debit Card,1.0,194.55,05-11-2025
ORD1342,CUST24, West ,BOOKS,UPI,3.0,96.8,01-15-2025
ORD1371,CUST39,West,Sports,UPI,,298.21,03/09/2025
ORD1126,CUST148,south,CLOTHING,Cash,8.0,63.18,01/01/2025
ORD1126,CUST148,south,CLOTHING,Cash,8.0,63.18,01/01/2025
ORD1480,CUST139, North , Sports,,5.0,422.96,07-02-2025
ORD1300,CUST120,EAST,SPORTS,Cash,6.0,401.38,02-23-2025
ORD1178,CUST34,West,ELECTRONICS,Debit Card,8.0,295.34,08-24-2025
ORD1461,CUST14,South,Home & Kitchen,,1.0,305.1,26-Aug-2025
ORD1406,CUST143, South ,SPORTS,Cash,1.0,186.4,18-Jul-2025
ORD1223,CUST115, East ,home & kitchen,UPI,8.0,305.91,05-17-2025
ORD1477,CUST138,NORTH,sports,Wallet,7.0,72.87,03-06-2025
ORD1093,CUST138,East,Clothing,UPI,3.0,254.05,09-14-2025
ORD1069,CUST130,NORTH, Electronics,Credit Card,1.0,425.09,2025-09-03
ORD1036,CUST59,West,Books,UPI,6.0,113.29,21/08/2025
ORD1160,CUST93,West,clothing,Debit Card,2.0,302.96,02-20-2025
ORD1011,CUST35,North,Home & Kitchen,UPI,1.0,133.1,01-02-2025
ORD1144,CUST95,WEST,Home & Kitchen,Wallet,5.0,498.34,23/01/2025
ORD1375,CUST78,East,CLOTHING,Cash,2.0,94.58,2025-02-10
ORD1127,CUST131,East,HOME & KITCHEN,Debit Card,9.0,190.56,27/04/2025
ORD1303,CUST82,south,electronics,UPI,1.0,81.18,06-09-2025
ORD1009,CUST60,south,CLOTHING,UPI,2.0,195.78,2025-02-22
ORD1397,CUST114, East ,SPORTS,Credit Card,2.0,310.83,2025-05-16
ORD1176,CUST25, North ,SPORTS,Cash,4.0,180.78,21/08/2025
ORD1231,CUST104,EAST, Sports,Wallet,1.0,153.3,12-Aug-2025
ORD1210,CUST74,east,Electronics,Wallet,1.0,55.94,06-08-2025
ORD1128,CUST134,South,Electronics,Debit Card,5.0,26.48,01-Aug-2025
ORD1143,CUST105, East ,Sports,UPI,3.0,71.26,01-06-2025
ORD1241,CUST67,south,HOME & KITCHEN,Credit Card,3.0,328.11,09-21-2025
ORD1007,CUST64,east,ELECTRONICS,Debit Card,9.0,27.99,05-15-2025
ORD1298,CUST54,WEST,electronics,Debit Card,5.0,416.17,17/04/2025
ORD1310,CUST72,south,CLOTHING,Wallet,250.0,29.15,2025-02-06
ORD1254,CUST22,South, Books,Cash,4.0,70.48,29/01/2025
ORD1426,CUST19,NORTH,CLOTHING,Debit Card,4.0,214.75,2025-07-21
ORD1457,CUST134,West, Books,Credit Card,3.0,396.07,01-14-2025
ORD1008,CUST21,west,home & kitchen,UPI,9.0,37.2,2025-03-30
ORD1156,CUST34,South,Electronics,Credit Card,6.0,248.85,24/07/2025
ORD1027,CUST15,East,Clothing,Cash,3.0,20.56,19/08/2025
ORD1266,CUST55,SOUTH,Sports,Credit Card,8.0,468.73,10-Mar-2025
ORD1314,CUST33,West, Electronics,Debit Card,6.0,263.02,2025-06-17
ORD1064,CUST37, South ,BOOKS,Debit Card,8.0,168.72,30-Jun-2025
ORD1255,CUST109,west, Sports,UPI,2.0,139.79,16-Mar-2025
ORD1087,CUST69,NORTH,clothing,Credit Card,,366.37,17-Mar-2025
ORD1153,CUST38,East,BOOKS,Wallet,2.0,297.01,06/09/2025
ORD1048,CUST42,north,CLOTHING,Wallet,3.0,118.13,05-24-2025
ORD1208,CUST38,NORTH,Books,Credit Card,9.0,159.3,2025-09-11
ORD1287,CUST34,NORTH, Sports,Wallet,7.0,96.81,06-Apr-2025
ORD1001,CUST72, South ,clothing,Debit Card,5.0,82.23,2025-08-03
ORD1269,CUST73, South ,home & kitchen,Wallet,9.0,179.01,09-May-2025
ORD1265,CUST113, North , Clothing,UPI,7.0,307.15,08/04/2025
ORD1157,CUST126,South,Sports,Wallet,3.0,270.95,05-31-2025
ORD1355,CUST134, East ,CLOTHING,UPI,9.0,468.43,11/08/2025
ORD1095,CUST2,west,home & kitchen,Credit Card,,434.26,09/06/2025
ORD1492,CUST58, West ,Clothing,Wallet,4.0,178.1,30-Jul-2025
ORD1042,CUST68,east,BOOKS,Wallet,7.0,382.0,03-May-2025
ORD1337,CUST58,South,ELECTRONICS,Cash,6.0,118.83,12-Jun-2025
ORD1116,CUST133, South ,Sports,Debit Card,3.0,444.41,23-Aug-2025
ORD1045,CUST70,north,Books,UPI,3.0,297.49,2025-05-27
ORD1161,CUST147,North,Electronics,Cash,5.0,88.62,04-02-2025
ORD1409,CUST11,north,Home & Kitchen,Cash,3.0,88.38,22/09/2025
ORD1117,CUST75,NORTH,Home & Kitchen,UPI,2.0,484.48,01-09-2025
ORD1288,CUST123, North ,books,Cash,7.0,9.7,29-Jan-2025
ORD1077,CUST8,SOUTH,SPORTS,Cash,5.0,139.41,04-18-2025
ORD1416,, East ,Sports,Credit Card,3.0,20000.0,2025-04-16
ORD1063,CUST46,SOUTH,home & kitchen,Cash,5.0,442.33,21/08/2025
ORD1338,CUST64,east,Books,UPI,1.0,327.58,12-Jan-2025
ORD1417,CUST146,East,Books,UPI,2.0,139.95,12/05/2025
ORD1413,CUST107,west,electronics,UPI,7.0,448.87,2025-04-27
ORD1230,CUST118,south,HOME & KITCHEN,Wallet,6.0,47.25,08/07/2025
ORD1297,CUST4, North ,Clothing,,8.0,,03-04-2025
ORD1186,CUST4, West ,clothing,Cash,6.0,487.66,04/04/2025
ORD1360,CUST127,NORTH, Home & Kitchen,Wallet,9.0,86.18,2025-01-14
ORD1199,CUST64, South ,Clothing,Debit Card,8.0,414.83,2025-08-17
ORD1365,CUST37, East ,BOOKS,Debit Card,8.0,487.52,11/05/2025
ORD1121,CUST109, South ,CLOTHING,Debit Card,1.0,440.78,25-May-2025
ORD1498,CUST122,east,sports,Debit Card,7.0,25.77,23-Sep-2025
ORD1460,CUST25, North , Books,Credit Card,6.0,160.3,05/04/2025
ORD1307,CUST29, West ,Clothing,Cash,9.0,26.97,14/08/2025
ORD1491,,south,HOME & KITCHEN,UPI,5.0,256.75,08-20-2025
ORD1158,CUST80, North ,Sports,Cash,6.0,350.35,2025-07-03
ORD1085,, North , Books,Cash,6.0,358.72,2025-08-25
ORD1225,CUST25,south,ELECTRONICS,Debit Card,6.0,9999.0,2025-07-29
ORD1262,CUST46,West, Books,Cash,2.0,87.31,07-12-2025
ORD1331,CUST29,SOUTH,Clothing,Credit Card,4.0,215.96,02-08-2025
ORD1427,CUST89,West, Electronics,Debit Card,2.0,384.49,30-Aug-2025
ORD1076,CUST70,NORTH,ELECTRONICS,Debit Card,6.0,270.86,11/04/2025
ORD1414,,South,BOOKS,Credit Card,9.0,329.07,02-20-2025
ORD1112,CUST117,East,Clothing,Cash,5.0,150.14,25/01/2025
ORD1087,CUST69,NORTH,clothing,Credit Card,,366.37,17-Mar-2025
ORD1073,CUST115,South, Home & Kitchen,Cash,7.0,18.67,03-Aug-2025
ORD1182,CUST70,East,sports,Cash,7.0,246.47,05/04/2025
ORD1105,CUST99, North ,electronics,Wallet,4.0,189.15,04-06-2025
ORD1425,CUST91, East ,Home & Kitchen,UPI,5.0,154.52,06-01-2025
ORD1049,CUST90,, Electronics,Cash,9.0,260.73,2025-01-02
ORD1405,CUST88,west,ELECTRONICS,Credit Card,6.0,326.29,2025-08-01
ORD1005,CUST89,north, Books,Debit Card,1.0,264.76,19-Jun-2025
ORD1017,CUST15, South , Electronics,Cash,1.0,12.74,2025-01-09
ORD1234,CUST19,East,HOME & KITCHEN,,2.0,150.55,24-Jun-2025
ORD1429,CUST119,south,Sports,,5.0,52.38,05-23-2025
ORD1372,CUST125, West ,books,Debit Card,3.0,313.37,02-09-2025
ORD1423,CUST137,NORTH,BOOKS,UPI,9.0,325.07,05-01-2025
ORD1106,CUST37,SOUTH, Home & Kitchen,UPI,1.0,341.52,05/08/2025
ORD1134,CUST90, North ,ELECTRONICS,Wallet,8.0,179.91,27-Jun-2025
ORD1430,CUST11,WEST,HOME & KITCHEN,Debit Card,9.0,198.5,11/09/2025
ORD1226,CUST91, West ,Sports,Wallet,1.0,295.6,2025-09-08
ORD1214,CUST36, West ,clothing,Wallet,5.0,414.27,11-Sep-2025
ORD1190,CUST20, South , Sports,Debit Card,1.0,,01-01-2025
ORD1471,CUST40,North, Home & Kitchen,Wallet,,,09/08/2025
ORD1320,CUST100,West,ELECTRONICS,UPI,2.0,416.91,01-12-2025
ORD1282,CUST17,east, Home & Kitchen,Credit Card,8.0,118.85,07/07/2025
ORD1029,CUST143,East, Clothing,Debit Card,4.0,471.71,2025-07-06
ORD1169,CUST78, East ,CLOTHING,UPI,8.0,361.66,03/06/2025
ORD1180,CUST26,North,Books,Cash,2.0,125.95,08-17-2025
ORD1100,CUST35, South ,HOME & KITCHEN,,7.0,40.24,2025-09-21
ORD1197,CUST78,NORTH,electronics,Credit Card,5.0,366.78,17-May-2025
ORD1209,CUST86,,books,Cash,2.0,382.42,03-May-2025
ORD1135,CUST28,west, Home & Kitchen,UPI,5.0,487.33,11/07/2025
ORD1239,CUST65, East , Electronics,Debit Card,9.0,114.88,09-12-2025
ORD1458,CUST73, West ,HOME & KITCHEN,UPI,5.0,16.33,2025-05-10
ORD1198,CUST76,south,Clothing,Credit Card,3.0,37.92,01-Mar-2025
ORD1373,CUST21,WEST,ELECTRONICS,Cash,,70.13,08/01/2025
ORD1166,CUST56,EAST,SPORTS,Wallet,1.0,142.05,14/09/2025
ORD1451,CUST142,west,books,Cash,4.0,155.05,24/04/2025
ORD1136,CUST145,WEST,Books,Wallet,9.0,158.22,2025-07-31
ORD1285,CUST93, North ,Sports,,6.0,162.78,29/07/2025
ORD1335,CUST92,WEST,HOME & KITCHEN,Credit Card,5.0,455.21,25-Mar-2025
ORD1396,CUST34, South ,BOOKS,Credit Card,1.0,419.87,2025-08-06
ORD1131,CUST144,WEST,BOOKS,UPI,7.0,27.5,12-Jan-2025
ORD1039,CUST113,EAST,Sports,Debit Card,8.0,23.26,04-23-2025
ORD1215,CUST74,east,Books,Wallet,8.0,293.78,19/07/2025
ORD1043,CUST145, South , Clothing,UPI,6.0,187.05,04-08-2025
ORD1054,CUST84,SOUTH,Home & Kitchen,Cash,3.0,189.28,04-09-2025
ORD1027,CUST15,East,Clothing,Cash,3.0,20.56,19/08/2025
ORD1299,CUST57,WEST,home & kitchen,Wallet,9.0,97.29,16/09/2025
ORD1487,CUST79,East,Electronics,UPI,1.0,37.99,2025-06-22
ORD1304,CUST13,West,Home & Kitchen,Wallet,500.0,375.2,2025-03-30
ORD1035,CUST137,NORTH, Sports,Cash,5.0,347.76,2025-08-22
ORD1315,,EAST, Electronics,Cash,1.0,82.88,18/06/2025
ORD1399,CUST147,west,electronics,Cash,5.0,335.15,2025-03-31
ORD1309,CUST5,West,SPORTS,UPI,2.0,207.18,02-07-2025
ORD1276,,SOUTH, Books,Wallet,6.0,490.39,30/03/2025
ORD1124,, East ,CLOTHING,Credit Card,3.0,60.04,2025-06-22
ORD1142,CUST86,East,Electronics,UPI,1.0,,08/04/2025
ORD1110,CUST147,West,Home & Kitchen,,9.0,163.06,25-Jul-2025
ORD1323,CUST98, South ,home & kitchen,Debit Card,8.0,,15-Mar-2025
ORD1332,CUST15, West ,books,Debit Card,7.0,413.83,16/03/2025
ORD1393,CUST45,north,ELECTRONICS,Cash,4.0,353.82,2025-08-22
ORD1467,CUST10, West , Books,Wallet,9.0,33.79,24-Sep-2025
ORD1107,CUST99,SOUTH,Home & Kitchen,Debit Card,9.0,191.98,03-Mar-2025
ORD1474,CUST7, East , Home & Kitchen,Credit Card,6.0,414.63,08-17-2025
ORD1012,CUST134,EAST,Electronics,Cash,6.0,275.62,10/07/2025
ORD1272,CUST102,east,Books,Wallet,2.0,56.03,2025-04-11
ORD1047,CUST39,EAST,home & kitchen,,500.0,419.67,24-Sep-2025
ORD1203,CUST14,north, Clothing,UPI,3.0,313.93,01-23-2025
ORD1455,CUST86, East ,ELECTRONICS,Cash,5.0,198.57,2025-01-12
ORD1119,CUST141,south,Electronics,UPI,8.0,41.02,02/05/2025
ORD1021,CUST28, South ,BOOKS,Debit Card,7.0,425.77,25/09/2025
ORD1402,CUST68,NORTH,Clothing,UPI,2.0,205.05,12-May-2025
ORD1434,CUST42,north,home & kitchen,Cash,7.0,387.45,05-Feb-2025
ORD1083,CUST62, East ,CLOTHING,Credit Card,,217.02,09/05/2025
ORD1130,CUST49,north,HOME & KITCHEN,UPI,1.0,315.64,16-Sep-2025
ORD1475,CUST86, North , Books,Wallet,5.0,10.46,03-03-2025
ORD1383,CUST107,South,ELECTRONICS,Wallet,5.0,181.58,23-Jul-2025
ORD1329,CUST29,south, Clothing,Wallet,1.0,165.19,2025-03-20
ORD1229,CUST81,EAST,clothing,Cash,4.0,232.2,2025-05-28
ORD1450,CUST32,west, Electronics,UPI,1.0,306.2,2025-02-07
ORD1286,CUST16, East ,home & kitchen,UPI,2.0,17.08,19/06/2025
ORD1123,CUST19,EAST, Sports,Debit Card,6.0,354.02,07-21-2025
ORD1033,CUST129,north,ELECTRONICS,Credit Card,9.0,325.61,01-May-2025
ORD1420,CUST56,SOUTH,ELECTRONICS,UPI,1.0,285.82,05-Feb-2025
ORD1004,, North ,Clothing,Debit Card,1.0,155.6,22-Jan-2025
ORD1411,CUST12, South , Sports,Credit Card,5.0,202.42,08-16-2025
ORD1019,CUST139,south,HOME & KITCHEN,UPI,3.0,354.89,2025-06-12
ORD1219,CUST92,South,sports,Wallet,9.0,214.94,01-29-2025
ORD1379,CUST66,,CLOTHING,Credit Card,3.0,330.08,06-13-2025
ORD1067,CUST54,north,sports,UPI,500.0,287.18,24-Apr-2025
ORD1419,CUST95,South,CLOTHING,Cash,7.0,264.96,2025-03-12
ORD1356,CUST41,,HOME & KITCHEN,UPI,2.0,467.92,2025-06-27
ORD1149,CUST118, South ,sports,Wallet,3.0,262.48,09-25-2025
ORD1224,CUST57,East, Books,Credit Card,5.0,303.84,2025-03-04
ORD1247,CUST82,east,clothing,Credit Card,,455.76,16-Jul-2025
ORD1472,CUST52, North ,home & kitchen,Cash,,265.89,19/08/2025
ORD1151,CUST57,WEST,clothing,Wallet,1.0,71.34,2025-07-26
ORD1241,CUST67,south,HOME & KITCHEN,Credit Card,3.0,328.11,09-21-2025
ORD1317,CUST7,north,Clothing,Cash,5.0,441.03,2025-09-06
ORD1493,CUST135, North ,Home & Kitchen,Wallet,3.0,96.67,2025-09-18
ORD1291,CUST3,west,electronics,Debit Card,8.0,147.18,2025-05-26
ORD1233,CUST62,east,HOME & KITCHEN,Cash,1.0,23.09,2025-05-24
ORD1010,CUST130,north,electronics,Cash,4.0,124.31,21/09/2025
ORD1279,CUST135,west,home & kitchen,Debit Card,5.0,366.86,25/06/2025
ORD1071,CUST60,South, Clothing,Debit Card,7.0,253.25,22-Jun-2025
ORD1252,CUST114, East ,Electronics,Debit Card,3.0,258.67,2025-01-09
ORD1092,CUST69,EAST, Home & Kitchen,Debit Card,4.0,27.43,08-11-2025
ORD1153,CUST38,East,BOOKS,Wallet,2.0,297.01,06/09/2025
ORD1349,CUST145,north,HOME & KITCHEN,Cash,9.0,287.6,21-Mar-2025
ORD1415,CUST15, East ,electronics,Cash,4.0,467.55,2025-02-21
ORD1374,CUST100,WEST, Home & Kitchen,Credit Card,7.0,318.11,01-14-2025
ORD1400,CUST63,west,Electronics,Credit Card,9.0,433.89,30-Mar-2025
ORD1192,CUST100,EAST,clothing,Cash,3.0,30.65,27-Jun-2025
ORD1257,CUST100,NORTH, Books,Credit Card,9.0,140.66,17/01/2025
ORD1321,CUST39,West,home & kitchen,Cash,2.0,147.08,15/02/2025
ORD1339,CUST18,west,Home & Kitchen,Cash,8.0,83.83,25-May-2025
ORD1072,CUST20,west,CLOTHING,Cash,1.0,40.12,22-May-2025
ORD1195,CUST73,NORTH, Sports,Credit Card,1.0,62.76,02-07-2025
ORD1483,CUST42,WEST,SPORTS,Wallet,5.0,478.33,23/04/2025
ORD1343,CUST17,East,HOME & KITCHEN,Credit Card,4.0,218.0,2025-06-15
ORD1137,CUST141,north,sports,Wallet,3.0,412.16,2025-03-23
ORD1260,CUST12,South,BOOKS,Credit Card,9.0,249.67,2025-06-22
ORD1038,CUST39,EAST,home & kitchen,Credit Card,2.0,357.57,04-11-2025
ORD1462,CUST125,south, Clothing,Credit Card,4.0,253.77,01-25-2025
ORD1201,CUST83,South, Sports,UPI,4.0,161.52,11-Feb-2025
ORD1130,CUST49,north,HOME & KITCHEN,UPI,1.0,315.64,16-Sep-2025
ORD1290,CUST121, East ,Books,Cash,9.0,171.5,2025-03-06
ORD1448,CUST108,East,ELECTRONICS,Cash,1.0,421.81,29-May-2025
ORD1189,CUST70,North,electronics,Cash,6.0,356.92,31/07/2025
ORD1251,CUST120,SOUTH, Clothing,Wallet,7.0,400.93,2025-07-28
ORD1112,CUST117,East,Clothing,Cash,5.0,150.14,25/01/2025
ORD1437,CUST13,SOUTH, Books,Credit Card,1.0,416.77,05/01/2025
ORD1183,,SOUTH,SPORTS,Debit Card,9.0,44.72,31-Aug-2025
ORD1152,CUST85, West ,clothing,Credit Card,2.0,403.5,13-Apr-2025
ORD1312,CUST40,North,HOME & KITCHEN,,3.0,413.22,25-Feb-2025
ORD1325,CUST148, North , Sports,Debit Card,4.0,38.58,07/08/2025
ORD1191,CUST90,north,home & kitchen,Cash,6.0,292.71,19/05/2025
ORD1044,CUST139,South,books,Wallet,1.0,79.61,06-Jul-2025
ORD1444,CUST121,east, Home & Kitchen,Credit Card,7.0,379.3,05-25-2025
ORD1275,CUST83,East,electronics,Credit Card,8.0,321.28,03-22-2025
ORD1006,CUST15,West,Clothing,Cash,3.0,194.32,2025-09-01
ORD1250,CUST137,, Books,Credit Card,2.0,431.23,22-Mar-2025
ORD1311,CUST60,,Clothing,Cash,5.0,495.78,24/04/2025
ORD1075,CUST125,NORTH,electronics,Wallet,6.0,297.46,29/06/2025
ORD1000,CUST103,NORTH,electronics,UPI,4.0,475.6,17-Apr-2025
ORD1428,CUST69, North ,Electronics,Wallet,1.0,,2025-08-14
ORD1391,CUST39, North ,clothing,UPI,8.0,260.22,06-27-2025
ORD1432,CUST67,north,electronics,Debit Card,6.0,225.67,08-29-2025
ORD1068,CUST32,west,Sports,Cash,6.0,182.53,07-May-2025
ORD1167,CUST8,West,BOOKS,Cash,1.0,300.65,06-29-2025
ORD1366,CUST35,, Sports,UPI,6.0,20.17,2025-08-01
ORD1345,CUST130,north,BOOKS,Cash,8.0,219.46,2025-03-05
ORD1398,CUST47, North , Sports,Cash,8.0,385.42,01/01/2025
ORD1185,CUST6,North, Sports,UPI,2.0,290.12,03-16-2025
ORD1348,, East , Clothing,Credit Card,,375.84,02-10-2025
ORD1211,CUST47, East ,electronics,Cash,4.0,231.22,2025-07-03
ORD1037,CUST113, North ,Electronics,Wallet,1.0,130.69,09-25-2025
ORD1196,CUST94,north,HOME & KITCHEN,Debit Card,1.0,426.11,24-Aug-2025
ORD1175,CUST44, West ,Clothing,Debit Card,9.0,445.81,07-31-2025
